"[21.02379604162864, 22.20360331117452, 23.53720459187964, 21.02379604162864, 21.095023109728988, 21.213203435596427, 35.0, 50.24937810560445, 35.77708763999664, 37.12142238654117, 22.02271554554524, 12.083045973594572, 11.704699910719626, 43.01162633521314, 59.135437767890075, 56.142675390472796, 56.293871780150276, 56.302753041036986]",G:\Education\Semester 8\425-FYP\custom-dlib-shape-predictor\drive-download-20201214T140143Z-001\Aladin\Aladin_real12.jpg,G:\Education\Semester 8\425-FYP\custom-dlib-shape-predictor\drive-download-20201214T140143Z-001\Aladin\Aladin_cartoon.jpg
"[18.384776310850235, 20.223748416156685, 21.587033144922902, 19.4164878389476, 18.027756377319946, 19.1049731745428, 26.019223662515376, 38.27531841800928, 26.076809620810597, 26.419689627245813, 20.09975124224178, 12.806248474865697, 13.038404810405298, 42.190046219457976, 57.14017850864661, 61.40032573203501, 60.207972893961475, 61.032778078668514]",G:\Education\Semester 8\425-FYP\custom-dlib-shape-predictor\drive-download-20201214T140143Z-001\Aladin\Aladin_real2.jpg,G:\Education\Semester 8\425-FYP\custom-dlib-shape-predictor\drive-download-20201214T140143Z-001\Aladin\Aladin_cartoon.jpg
"[19.235384061671343, 18.384776310850235, 14.035668847618199, 9.899494936611665, 16.492422502470642, 15.132745950421556, 25.0, 43.278170016764804, 29.410882339705484, 19.6468827043885, 18.35755975068582, 15.524174696260024, 7.280109889280518, 38.63935817272331, 29.546573405388315, 54.42425929675111, 56.302753041036986, 49.8196748283246]",G:\Education\Semester 8\425-FYP\custom-dlib-shape-predictor\drive-download-20201214T140143Z-001\Aladin\aladin_real45.jpg,G:\Education\Semester 8\425-FYP\custom-dlib-shape-predictor\drive-download-20201214T140143Z-001\Aladin\Aladin_cartoon.jpg
"[20.615528128088304, 22.47220505424423, 23.08679276123039, 20.8806130178211, 22.20360331117452, 22.090722034374522, 37.0, 54.45181356024793, 39.395431207184416, 39.395431207184416, 17.029386365926403, 13.341664064126334, 13.341664064126334, 45.0111097397076, 54.230987451824994, 59.00847396772772, 58.463663928973865, 57.28001396647874]",G:\Education\Semester 8\425-FYP\custom-dlib-shape-predictor\drive-download-20201214T140143Z-001\Alfredo_Linguini\real.jpg,G:\Education\Semester 8\425-FYP\custom-dlib-shape-predictor\drive-download-20201214T140143Z-001\Alfredo_Linguini\cartoon.jpg
"[23.259406699226016, 24.73863375370596, 26.0, 24.186773244895647, 25.0, 25.495097567963924, 39.20459156782532, 58.60034129593445, 41.340053217188775, 41.23105625617661, 18.110770276274835, 15.231546211727817, 14.317821063276353, 67.26812023536856, 72.2357252334328, 75.66372975210778, 73.43704787094863, 74.67261881037788]",G:\Education\Semester 8\425-FYP\custom-dlib-shape-predictor\drive-download-20201214T140143Z-001\Alice\Alice_real1.jpg,G:\Education\Semester 8\425-FYP\custom-dlib-shape-predictor\drive-download-20201214T140143Z-001\Alice\Alice_cartoon.jpg
"[16.492422502470642, 16.15549442140351, 17.029386365926403, 15.0, 15.811388300841896, 15.297058540778355, 23.345235059857504, 35.608987629529715, 24.041630560342615, 23.600847442411894, 15.297058540778355, 9.486832980505138, 9.899494936611665, 32.984845004941285, 41.23105625617661, 42.7551166528639, 42.5440947723653, 43.104524124504614]",G:\Education\Semester 8\425-FYP\custom-dlib-shape-predictor\drive-download-20201214T140143Z-001\Astrid\astrid_real12.jpg,G:\Education\Semester 8\425-FYP\custom-dlib-shape-predictor\drive-download-20201214T140143Z-001\Astrid\astrid_cartoon.jpg
"[13.0, 12.529964086141668, 18.110770276274835, 16.55294535724685, 15.524174696260024, 17.029386365926403, 22.47220505424423, 29.154759474226502, 21.0, 29.206163733020468, 18.027756377319946, 5.656854249492381, 12.041594578792296, 27.459060435491963, 55.0, 46.04345773288535, 44.384682042344295, 48.83646178829912]",G:\Education\Semester 8\425-FYP\custom-dlib-shape-predictor\drive-download-20201214T140143Z-001\Black_widow\black_widow_real1.jpg,G:\Education\Semester 8\425-FYP\custom-dlib-shape-predictor\drive-download-20201214T140143Z-001\Black_widow\Black_Widow_cartoon.jpg
"[10.44030650891055, 11.40175425099138, 13.601470508735444, 12.083045973594572, 12.165525060596439, 13.038404810405298, 19.0, 28.319604517012593, 19.235384061671343, 20.591260281974, 13.0, 7.211102550927978, 7.211102550927978, 23.0, 34.132096331752024, 37.0, 36.87817782917155, 37.107950630558946]",G:\Education\Semester 8\425-FYP\custom-dlib-shape-predictor\drive-download-20201214T140143Z-001\Black_widow\blac_widow_real2.jpg,G:\Education\Semester 8\425-FYP\custom-dlib-shape-predictor\drive-download-20201214T140143Z-001\Black_widow\Black_Widow_cartoon.jpg
"[11.313708498984761, 12.36931687685298, 12.649110640673518, 11.661903789690601, 12.041594578792296, 12.041594578792296, 17.0, 23.853720883753127, 16.1245154965971, 17.4928556845359, 12.041594578792296, 7.810249675906654, 8.602325267042627, 27.073972741361768, 36.40054944640259, 39.05124837953327, 38.3275357934736, 38.3275357934736]",G:\Education\Semester 8\425-FYP\custom-dlib-shape-predictor\drive-download-20201214T140143Z-001\Consuela\Consuela_real1.jpg,G:\Education\Semester 8\425-FYP\custom-dlib-shape-predictor\drive-download-20201214T140143Z-001\Consuela\Consuela_cartoon.jpg
"[13.0, 13.341664064126334, 13.601470508735444, 12.649110640673518, 13.038404810405298, 12.165525060596439, 19.026297590440446, 30.23243291566195, 20.0, 18.788294228055936, 9.0, 9.486832980505138, 7.280109889280518, 35.05709628591621, 34.0, 38.05259518088089, 37.8549864614954, 37.36308338453881]",G:\Education\Semester 8\425-FYP\custom-dlib-shape-predictor\drive-download-20201214T140143Z-001\Dora\Dora_real.jpeg,G:\Education\Semester 8\425-FYP\custom-dlib-shape-predictor\drive-download-20201214T140143Z-001\Dora\Dora_cartoon.jpeg
"[18.027756377319946, 18.973665961010276, 17.26267650163207, 17.029386365926403, 16.1245154965971, 16.0312195418814, 26.0, 39.698866482558415, 27.784887978899608, 26.92582403567252, 19.026297590440446, 13.0, 11.661903789690601, 51.0098029794274, 49.20365840057018, 64.0, 63.34824385884742, 61.39218191268331]",G:\Education\Semester 8\425-FYP\custom-dlib-shape-predictor\drive-download-20201214T140143Z-001\Edna\edna_real1.png,G:\Education\Semester 8\425-FYP\custom-dlib-shape-predictor\drive-download-20201214T140143Z-001\Edna\Edna_cartoon.jpg
"[19.72308292331602, 20.396078054371138, 19.313207915827967, 16.1245154965971, 19.0, 19.235384061671343, 30.265491900843113, 48.25971404805462, 34.20526275297414, 28.635642126552707, 20.024984394500787, 15.231546211727817, 10.770329614269007, 47.16990566028302, 42.80186911806539, 64.00781202322104, 64.03124237432849, 61.18823416311342]",G:\Education\Semester 8\425-FYP\custom-dlib-shape-predictor\drive-download-20201214T140143Z-001\Edna\edna_real2.jpg,G:\Education\Semester 8\425-FYP\custom-dlib-shape-predictor\drive-download-20201214T140143Z-001\Edna\Edna_cartoon.jpg
"[18.439088914585774, 21.840329667841555, 22.47220505424423, 21.02379604162864, 20.024984394500787, 20.223748416156685, 32.14031735997639, 46.32493928760188, 32.202484376209235, 32.69556544854363, 26.1725046566048, 13.601470508735444, 13.92838827718412, 52.3450093132096, 65.5133574166368, 78.91767862779544, 77.10382610480494, 77.4919350642375]",G:\Education\Semester 8\425-FYP\custom-dlib-shape-predictor\drive-download-20201214T140143Z-001\Edna\edna_real3.jpg,G:\Education\Semester 8\425-FYP\custom-dlib-shape-predictor\drive-download-20201214T140143Z-001\Edna\Edna_cartoon.jpg
"[20.8806130178211, 21.840329667841555, 16.76305461424021, 14.560219778561036, 19.235384061671343, 19.1049731745428, 30.01666203960727, 49.678969393496885, 34.66987164671943, 31.016124838541646, 12.649110640673518, 13.038404810405298, 8.06225774829855, 46.04345773288535, 35.4682957019364, 40.311288741492746, 43.46262762420146, 37.48332962798263]",G:\Education\Semester 8\425-FYP\custom-dlib-shape-predictor\drive-download-20201214T140143Z-001\Elsa\elsa_Real2.png,G:\Education\Semester 8\425-FYP\custom-dlib-shape-predictor\drive-download-20201214T140143Z-001\Elsa\elsa_cartoon.jpg
"[19.924858845171276, 20.8806130178211, 21.37755832643195, 18.027756377319946, 21.37755832643195, 21.02379604162864, 32.0624390837628, 50.20956084253277, 34.438350715445125, 34.132096331752024, 19.026297590440446, 13.0, 12.206555615733702, 50.24937810560445, 54.20332093147061, 58.137767414994535, 57.87054518492115, 57.87054518492115]",G:\Education\Semester 8\425-FYP\custom-dlib-shape-predictor\drive-download-20201214T140143Z-001\Elsa\elsa_real3.jpg,G:\Education\Semester 8\425-FYP\custom-dlib-shape-predictor\drive-download-20201214T140143Z-001\Elsa\elsa_cartoon.jpg
"[14.142135623730951, 17.4928556845359, 24.186773244895647, 21.95449840010015, 18.439088914585774, 21.095023109728988, 29.732137494637012, 35.84689665786984, 27.0, 36.124783736376884, 22.02271554554524, 8.602325267042627, 16.64331697709324, 40.311288741492746, 74.4043009509531, 58.0, 55.10898293381942, 61.61168720299745]",G:\Education\Semester 8\425-FYP\custom-dlib-shape-predictor\drive-download-20201214T140143Z-001\Elsa\elsa_real4.jpg,G:\Education\Semester 8\425-FYP\custom-dlib-shape-predictor\drive-download-20201214T140143Z-001\Elsa\elsa_cartoon.jpg
"[15.132745950421556, 18.027756377319946, 19.313207915827967, 18.439088914585774, 18.0, 17.029386365926403, 25.0, 38.600518131237564, 26.419689627245813, 28.844410203711913, 17.26267650163207, 9.899494936611665, 12.529964086141668, 35.014282800023196, 57.14017850864661, 62.289646009589745, 60.29925372672534, 62.6418390534633]",G:\Education\Semester 8\425-FYP\custom-dlib-shape-predictor\drive-download-20201214T140143Z-001\Evil_queen\evil_queen_real2.jpeg,G:\Education\Semester 8\425-FYP\custom-dlib-shape-predictor\drive-download-20201214T140143Z-001\Evil_queen\evil_queen_cartoon.jpeg
"[12.165525060596439, 12.649110640673518, 11.180339887498949, 10.44030650891055, 13.152946437965905, 13.038404810405298, 19.026297590440446, 30.4138126514911, 21.02379604162864, 20.12461179749811, 11.045361017187261, 7.615773105863909, 6.4031242374328485, 23.08679276123039, 27.459060435491963, 34.132096331752024, 33.83784863137726, 34.36568055487916]",G:\Education\Semester 8\425-FYP\custom-dlib-shape-predictor\drive-download-20201214T140143Z-001\Evil_queen\evil_queen_real3.jpg,G:\Education\Semester 8\425-FYP\custom-dlib-shape-predictor\drive-download-20201214T140143Z-001\Evil_queen\evil_queen_cartoon.jpeg
"[18.681541692269406, 19.313207915827967, 21.18962010041709, 19.4164878389476, 22.090722034374522, 22.20360331117452, 36.05551275463989, 49.51767361255979, 34.92849839314596, 37.21558813185679, 17.0, 10.770329614269007, 10.770329614269007, 45.0, 55.47071299343465, 63.0, 60.63827174318213, 62.81719509815764]",G:\Education\Semester 8\425-FYP\custom-dlib-shape-predictor\drive-download-20201214T140143Z-001\Evil_queen\evil_queen_real5.jpg,G:\Education\Semester 8\425-FYP\custom-dlib-shape-predictor\drive-download-20201214T140143Z-001\Evil_queen\evil_queen_cartoon.jpeg
"[25.317977802344327, 26.0, 27.51363298439521, 24.73863375370596, 28.160255680657446, 28.284271247461902, 45.0111097397076, 65.11528238439882, 45.617978911828175, 46.51881339845203, 26.019223662515376, 14.7648230602334, 14.7648230602334, 52.009614495783374, 67.08203932499369, 77.05841939723393, 75.7099729229908, 76.6550715869472]",G:\Education\Semester 8\425-FYP\custom-dlib-shape-predictor\drive-download-20201214T140143Z-001\Evil_queen\evil_queen_real6.jpg,G:\Education\Semester 8\425-FYP\custom-dlib-shape-predictor\drive-download-20201214T140143Z-001\Evil_queen\evil_queen_cartoon.jpeg
"[11.40175425099138, 11.704699910719626, 11.704699910719626, 11.40175425099138, 13.038404810405298, 13.038404810405298, 15.0, 25.238858928247925, 15.264337522473747, 16.64331697709324, 13.0, 7.810249675906654, 7.810249675906654, 26.0, 34.66987164671943, 37.013511046643494, 36.87817782917155, 36.40054944640259]",G:\Education\Semester 8\425-FYP\custom-dlib-shape-predictor\drive-download-20201214T140143Z-001\Evil_queen\evil_queen_real7.jpg,G:\Education\Semester 8\425-FYP\custom-dlib-shape-predictor\drive-download-20201214T140143Z-001\Evil_queen\evil_queen_cartoon.jpeg
"[20.0, 20.615528128088304, 21.18962010041709, 21.633307652783937, 21.02379604162864, 21.095023109728988, 22.0, 39.81205847478876, 21.93171219946131, 22.67156809750927, 24.08318915758459, 14.866068747318506, 14.866068747318506, 42.04759208325728, 64.03124237432849, 65.06919393998976, 65.11528238439882, 65.25335240430181]",G:\Education\Semester 8\425-FYP\custom-dlib-shape-predictor\drive-download-20201214T140143Z-001\Evil_queen\evil_queen_real8.jpeg,G:\Education\Semester 8\425-FYP\custom-dlib-shape-predictor\drive-download-20201214T140143Z-001\Evil_queen\evil_queen_cartoon.jpeg
"[24.73863375370596, 25.0, 17.72004514666935, 11.661903789690601, 22.20360331117452, 20.024984394500787, 35.12833614050059, 61.220911460055866, 43.60045871318328, 33.24154027718932, 16.64331697709324, 20.223748416156685, 6.708203932499369, 56.0, 31.144823004794873, 60.876925020897694, 64.88451279003334, 54.037024344425184]",G:\Education\Semester 8\425-FYP\custom-dlib-shape-predictor\drive-download-20201214T140143Z-001\Fawn\fawn_real1_1.jpg,G:\Education\Semester 8\425-FYP\custom-dlib-shape-predictor\drive-download-20201214T140143Z-001\Fawn\fawn_cartoon.jpg
"[25.0, 22.847319317591726, 17.11724276862369, 12.041594578792296, 20.615528128088304, 18.110770276274835, 40.049968789001575, 60.81118318204309, 44.41846462902562, 35.22782990761707, 20.591260281974, 19.026297590440446, 5.656854249492381, 43.289721643826724, 26.40075756488817, 65.14598989960932, 68.96375859826666, 58.309518948453004]",G:\Education\Semester 8\425-FYP\custom-dlib-shape-predictor\drive-download-20201214T140143Z-001\Flynn_rider\flynn_rider_real1.jpg,G:\Education\Semester 8\425-FYP\custom-dlib-shape-predictor\drive-download-20201214T140143Z-001\Flynn_rider\Flynn_rider_cartoon.jpg
"[20.248456731316587, 23.53720459187964, 23.769728648009426, 23.259406699226016, 21.0, 22.02271554554524, 41.012193308819754, 53.75872022286245, 41.14608122288197, 41.23105625617661, 21.0, 14.560219778561036, 14.142135623730951, 53.009433122794285, 65.39113089708727, 67.06713054842886, 65.30696746902278, 67.05221845696084]",G:\Education\Semester 8\425-FYP\custom-dlib-shape-predictor\drive-download-20201214T140143Z-001\Flynn_rider\Flynn_rider_real2.jpg,G:\Education\Semester 8\425-FYP\custom-dlib-shape-predictor\drive-download-20201214T140143Z-001\Flynn_rider\Flynn_rider_cartoon.jpg
"[19.849433241279208, 22.02271554554524, 22.360679774997898, 20.615528128088304, 20.09975124224178, 20.248456731316587, 37.656340767525464, 49.64876634922564, 36.61966684720111, 38.07886552931954, 23.08679276123039, 12.041594578792296, 14.142135623730951, 44.9221548904324, 61.84658438426491, 64.51356446515724, 62.289646009589745, 64.35060217278468]",G:\Education\Semester 8\425-FYP\custom-dlib-shape-predictor\drive-download-20201214T140143Z-001\Flynn_rider\Flynn_rider_real3.jpg,G:\Education\Semester 8\425-FYP\custom-dlib-shape-predictor\drive-download-20201214T140143Z-001\Flynn_rider\Flynn_rider_cartoon.jpg
"[17.4928556845359, 19.235384061671343, 17.46424919657298, 17.08800749063506, 19.026297590440446, 18.439088914585774, 26.076809620810597, 42.190046219457976, 28.600699292150182, 27.730849247724095, 19.026297590440446, 11.40175425099138, 11.661903789690601, 37.21558813185679, 50.11985634456667, 59.413803110051795, 59.30430001273095, 58.18934610390462]",G:\Education\Semester 8\425-FYP\custom-dlib-shape-predictor\drive-download-20201214T140143Z-001\Flynn_rider\Flynn_rider_real4.jpg,G:\Education\Semester 8\425-FYP\custom-dlib-shape-predictor\drive-download-20201214T140143Z-001\Flynn_rider\Flynn_rider_cartoon.jpg
"[18.24828759089466, 22.360679774997898, 25.317977802344327, 21.540659228538015, 21.587033144922902, 23.0, 39.45883931389772, 55.21775076911409, 41.48493702538308, 42.720018726587654, 23.08679276123039, 12.041594578792296, 14.560219778561036, 44.40720662234904, 62.24146527838174, 64.03124237432849, 61.98386886924694, 63.788713735268246]",G:\Education\Semester 8\425-FYP\custom-dlib-shape-predictor\drive-download-20201214T140143Z-001\Flynn_rider\flynn_rider_real5.jpg,G:\Education\Semester 8\425-FYP\custom-dlib-shape-predictor\drive-download-20201214T140143Z-001\Flynn_rider\Flynn_rider_cartoon.jpg
"[14.866068747318506, 17.11724276862369, 26.68332812825267, 26.076809620810597, 18.110770276274835, 22.02271554554524, 22.360679774997898, 25.80697580112788, 17.26267650163207, 30.610455730027933, 29.427877939124322, 13.92838827718412, 20.0, 40.311288741492746, 94.62557793746889, 78.44743462982075, 76.02631123499285, 81.15417426109393]",G:\Education\Semester 8\425-FYP\custom-dlib-shape-predictor\drive-download-20201214T140143Z-001\Flynn_rider\Flynn_rider_real6.jpg,G:\Education\Semester 8\425-FYP\custom-dlib-shape-predictor\drive-download-20201214T140143Z-001\Flynn_rider\Flynn_rider_cartoon.jpg
"[19.6468827043885, 19.924858845171276, 22.847319317591726, 22.20360331117452, 23.08679276123039, 23.53720459187964, 42.04759208325728, 59.39696961966999, 44.28317965096906, 44.27188724235731, 19.0, 13.341664064126334, 12.165525060596439, 47.042533945356304, 50.28916384272063, 58.034472514187634, 57.271284253105414, 57.56735185849702]",G:\Education\Semester 8\425-FYP\custom-dlib-shape-predictor\drive-download-20201214T140143Z-001\Gothel\gothel_real1.jpg,G:\Education\Semester 8\425-FYP\custom-dlib-shape-predictor\drive-download-20201214T140143Z-001\Gothel\gothel_cartoon.jpeg
"[13.92838827718412, 17.08800749063506, 21.587033144922902, 20.12461179749811, 18.24828759089466, 19.0, 26.30589287593181, 36.76955262170047, 24.351591323771842, 29.732137494637012, 17.029386365926403, 9.433981132056603, 13.038404810405298, 44.10215414239989, 63.245553203367585, 58.0, 55.54277630799526, 59.665735560705194]",G:\Education\Semester 8\425-FYP\custom-dlib-shape-predictor\drive-download-20201214T140143Z-001\Gothel\gothel_real2.jpeg,G:\Education\Semester 8\425-FYP\custom-dlib-shape-predictor\drive-download-20201214T140143Z-001\Gothel\gothel_cartoon.jpeg
"[11.180339887498949, 11.704699910719626, 11.40175425099138, 10.816653826391969, 12.165525060596439, 12.041594578792296, 18.0, 27.018512172212592, 17.4928556845359, 16.55294535724685, 14.0, 7.810249675906654, 7.0710678118654755, 28.0, 31.622776601683793, 40.01249804748511, 39.81205847478876, 39.05124837953327]",G:\Education\Semester 8\425-FYP\custom-dlib-shape-predictor\drive-download-20201214T140143Z-001\Gothel\gothen_real3.jpg,G:\Education\Semester 8\425-FYP\custom-dlib-shape-predictor\drive-download-20201214T140143Z-001\Gothel\gothel_cartoon.jpeg
"[35.90264614203248, 35.4400902933387, 29.614185789921695, 21.93171219946131, 37.33630940518894, 31.144823004794873, 60.07495318350236, 94.847245611035, 67.60177512462228, 58.69412236331676, 31.575306807693888, 23.769728648009426, 13.416407864998739, 56.0357029044876, 58.60034129593445, 87.46427842267951, 91.18113840043894, 83.02409288875127]",G:\Education\Semester 8\425-FYP\custom-dlib-shape-predictor\drive-download-20201214T140143Z-001\Hiccup\Hiccup_elder_real2.jpg,G:\Education\Semester 8\425-FYP\custom-dlib-shape-predictor\drive-download-20201214T140143Z-001\Hiccup\Hicuup_elder_cartoon.jpg
"[24.698178070456937, 24.73863375370596, 24.73863375370596, 21.540659228538015, 24.0, 23.08679276123039, 46.0, 59.39696961966999, 45.69463863518345, 46.61544808322666, 25.019992006393608, 13.601470508735444, 15.524174696260024, 46.010868281309364, 63.324560795950255, 71.17583859709698, 70.21395872616783, 71.78439941937245]",G:\Education\Semester 8\425-FYP\custom-dlib-shape-predictor\drive-download-20201214T140143Z-001\Hiccup\Hicuup_elder_real13.jpg,G:\Education\Semester 8\425-FYP\custom-dlib-shape-predictor\drive-download-20201214T140143Z-001\Hiccup\Hicuup_elder_cartoon.jpg
"[19.209372712298546, 19.235384061671343, 20.396078054371138, 18.439088914585774, 18.027756377319946, 18.027756377319946, 23.021728866442675, 37.73592452822641, 23.600847442411894, 22.47220505424423, 24.08318915758459, 12.806248474865697, 13.45362404707371, 35.014282800023196, 57.62811813689564, 63.0317380372777, 61.98386886924694, 62.81719509815764]",G:\Education\Semester 8\425-FYP\custom-dlib-shape-predictor\drive-download-20201214T140143Z-001\Hiro\Hiro_real2.jpg,G:\Education\Semester 8\425-FYP\custom-dlib-shape-predictor\drive-download-20201214T140143Z-001\Hiro\Hiro_cartoon.jpg
"[17.46424919657298, 19.313207915827967, 21.840329667841555, 20.248456731316587, 20.09975124224178, 21.02379604162864, 26.019223662515376, 42.01190307520001, 27.294688127912362, 28.600699292150182, 18.027756377319946, 13.038404810405298, 14.7648230602334, 45.044422518220834, 60.53924347066124, 59.135437767890075, 57.87054518492115, 60.440052945046304]",G:\Education\Semester 8\425-FYP\custom-dlib-shape-predictor\drive-download-20201214T140143Z-001\Hiro\Hiro_real3.jpg,G:\Education\Semester 8\425-FYP\custom-dlib-shape-predictor\drive-download-20201214T140143Z-001\Hiro\Hiro_cartoon.jpg
"[13.038404810405298, 14.035668847618199, 12.529964086141668, 12.165525060596439, 12.041594578792296, 12.36931687685298, 19.1049731745428, 28.0178514522438, 20.248456731316587, 20.8806130178211, 14.142135623730951, 7.810249675906654, 8.54400374531753, 26.476404589747453, 34.17601498127012, 35.6931365951495, 36.124783736376884, 35.34119409414458]",G:\Education\Semester 8\425-FYP\custom-dlib-shape-predictor\drive-download-20201214T140143Z-001\Hiro\Hiro_real4.jpg,G:\Education\Semester 8\425-FYP\custom-dlib-shape-predictor\drive-download-20201214T140143Z-001\Hiro\Hiro_cartoon.jpg
"[18.681541692269406, 19.235384061671343, 16.492422502470642, 12.806248474865697, 17.029386365926403, 15.132745950421556, 31.144823004794873, 46.010868281309364, 34.48187929913333, 31.400636936215164, 16.278820596099706, 13.341664064126334, 7.280109889280518, 36.124783736376884, 32.55764119219941, 53.46026561849464, 55.362442142665635, 51.24451190127583]",G:\Education\Semester 8\425-FYP\custom-dlib-shape-predictor\drive-download-20201214T140143Z-001\Homer_Simpson\Homer_simpson_real1.jpg,G:\Education\Semester 8\425-FYP\custom-dlib-shape-predictor\drive-download-20201214T140143Z-001\Homer_Simpson\Homer_simpson_cartoon.jpg
"[22.80350850198276, 25.317977802344327, 26.92582403567252, 24.166091947189145, 22.02271554554524, 23.769728648009426, 36.0, 48.010415536631214, 33.61547262794322, 37.12142238654117, 26.1725046566048, 13.601470508735444, 17.08800749063506, 49.36598018878993, 62.64982043070834, 66.48308055437865, 66.27216610312357, 64.8459713474939]",G:\Education\Semester 8\425-FYP\custom-dlib-shape-predictor\drive-download-20201214T140143Z-001\Homer_Simpson\Homer_simpson_real2.jpg,G:\Education\Semester 8\425-FYP\custom-dlib-shape-predictor\drive-download-20201214T140143Z-001\Homer_Simpson\Homer_simpson_cartoon.jpg
"[18.35755975068582, 22.090722034374522, 19.924858845171276, 18.973665961010276, 21.0, 20.223748416156685, 26.1725046566048, 45.65084884205331, 29.068883707497267, 27.730849247724095, 24.08318915758459, 16.278820596099706, 14.422205101855956, 47.265209192385896, 61.05735008989499, 69.26037828369117, 69.05070600652827, 67.67569726275453]",G:\Education\Semester 8\425-FYP\custom-dlib-shape-predictor\drive-download-20201214T140143Z-001\Homer_Simpson\Homer_simpson_real3.jpg,G:\Education\Semester 8\425-FYP\custom-dlib-shape-predictor\drive-download-20201214T140143Z-001\Homer_Simpson\Homer_simpson_cartoon.jpg
"[18.0, 19.72308292331602, 18.110770276274835, 15.811388300841896, 20.615528128088304, 21.0, 31.400636936215164, 47.50789408087881, 32.89376840679705, 33.015148038438355, 17.11724276862369, 9.219544457292887, 10.0, 35.510561809129406, 42.05948168962618, 45.5411901469428, 44.77722635447622, 45.27692569068709]",G:\Education\Semester 8\425-FYP\custom-dlib-shape-predictor\drive-download-20201214T140143Z-001\Jack_frost\jack_forest_real1.jpg,G:\Education\Semester 8\425-FYP\custom-dlib-shape-predictor\drive-download-20201214T140143Z-001\Jack_frost\jack_forest_cartoon.jpg
"[30.01666203960727, 30.066592756745816, 30.675723300355934, 26.570660511172846, 31.064449134018133, 28.442925306655784, 41.43669871020132, 67.23094525588644, 45.0, 44.27188724235731, 30.066592756745816, 19.849433241279208, 17.0, 64.6297145282261, 81.02468759581859, 88.56635930193812, 89.80534505250787, 86.7294644281861]",G:\Education\Semester 8\425-FYP\custom-dlib-shape-predictor\drive-download-20201214T140143Z-001\Jack_frost\jack_forest_real2.jpg,G:\Education\Semester 8\425-FYP\custom-dlib-shape-predictor\drive-download-20201214T140143Z-001\Jack_frost\jack_forest_cartoon.jpg
"[28.635642126552707, 30.364452901377952, 33.015148038438355, 28.653097563788805, 31.400636936215164, 31.144823004794873, 40.607881008493905, 62.24146527838174, 40.496913462633174, 43.86342439892262, 34.23448553724738, 18.027756377319946, 20.518284528683193, 60.530983801686226, 89.02246907382428, 93.43446901438462, 92.69843580125827, 94.04786015641186]",G:\Education\Semester 8\425-FYP\custom-dlib-shape-predictor\drive-download-20201214T140143Z-001\Jack_frost\jack_forest_real4.jpeg,G:\Education\Semester 8\425-FYP\custom-dlib-shape-predictor\drive-download-20201214T140143Z-001\Jack_frost\jack_forest_cartoon.jpg
"[15.132745950421556, 17.46424919657298, 18.973665961010276, 20.024984394500787, 18.110770276274835, 18.439088914585774, 29.0, 43.139309220245984, 30.870698080866262, 34.438350715445125, 14.142135623730951, 8.54400374531753, 12.165525060596439, 37.12142238654117, 51.66236541235796, 43.56604182158393, 41.30375285612676, 45.18849411078001]",G:\Education\Semester 8\425-FYP\custom-dlib-shape-predictor\drive-download-20201214T140143Z-001\Jack_frost\jack_forest_real5.jpeg,G:\Education\Semester 8\425-FYP\custom-dlib-shape-predictor\drive-download-20201214T140143Z-001\Jack_frost\jack_forest_cartoon.jpg
"[17.204650534085253, 19.4164878389476, 22.561028345356956, 21.95449840010015, 19.026297590440446, 20.024984394500787, 18.24828759089466, 30.4138126514911, 15.264337522473747, 24.20743687382041, 26.1725046566048, 13.892443989449804, 16.278820596099706, 30.01666203960727, 69.63476143421474, 65.27633568147036, 63.198101237299845, 65.80273550544841]",G:\Education\Semester 8\425-FYP\custom-dlib-shape-predictor\drive-download-20201214T140143Z-001\Jack_frost_parr\Jack_frost_parr_real.jpg,G:\Education\Semester 8\425-FYP\custom-dlib-shape-predictor\drive-download-20201214T140143Z-001\Jack_frost_parr\Jack_frost_parr_cartoon.jpg
"[10.0, 12.083045973594572, 14.317821063276353, 13.0, 12.165525060596439, 14.035668847618199, 21.095023109728988, 27.65863337187866, 19.924858845171276, 21.633307652783937, 12.165525060596439, 5.830951894845301, 8.54400374531753, 26.0, 36.76955262170047, 32.2490309931942, 30.14962686336267, 33.24154027718932]",G:\Education\Semester 8\425-FYP\custom-dlib-shape-predictor\drive-download-20201214T140143Z-001\Jesmine\Jesmine.jpg,G:\Education\Semester 8\425-FYP\custom-dlib-shape-predictor\drive-download-20201214T140143Z-001\Jesmine\Jesmine_cartoon.jpg
"[25.0, 27.459060435491963, 24.698178070456937, 21.02379604162864, 29.0, 28.792360097775937, 41.23105625617661, 66.64833081180653, 43.139309220245984, 40.311288741492746, 21.213203435596427, 16.64331697709324, 12.165525060596439, 49.72926703662542, 47.07440918375928, 61.61168720299745, 60.00833275470999, 57.697486947006624]",G:\Education\Semester 8\425-FYP\custom-dlib-shape-predictor\drive-download-20201214T140143Z-001\Jesmine\Jesmine_real.png,G:\Education\Semester 8\425-FYP\custom-dlib-shape-predictor\drive-download-20201214T140143Z-001\Jesmine\Jesmine_cartoon.jpg
"[21.93171219946131, 22.47220505424423, 18.0, 15.0, 18.973665961010276, 16.0312195418814, 30.265491900843113, 48.27007354458868, 33.61547262794322, 30.4138126514911, 18.027756377319946, 13.152946437965905, 7.0710678118654755, 37.48332962798263, 36.069377593742864, 49.040799340956916, 52.478567053607705, 45.09988913511872]",G:\Education\Semester 8\425-FYP\custom-dlib-shape-predictor\drive-download-20201214T140143Z-001\Jesmine\Jesmine_real2.jpg,G:\Education\Semester 8\425-FYP\custom-dlib-shape-predictor\drive-download-20201214T140143Z-001\Jesmine\Jesmine_cartoon.jpg
"[17.08800749063506, 18.027756377319946, 19.6468827043885, 17.46424919657298, 17.029386365926403, 18.0, 28.0178514522438, 38.948684188300895, 27.730849247724095, 28.653097563788805, 21.02379604162864, 9.433981132056603, 10.295630140987, 34.0, 52.69724850502159, 58.008620049092706, 57.0087712549569, 57.48912940721924]",G:\Education\Semester 8\425-FYP\custom-dlib-shape-predictor\drive-download-20201214T140143Z-001\John_smith\John_smith_real.jpg,G:\Education\Semester 8\425-FYP\custom-dlib-shape-predictor\drive-download-20201214T140143Z-001\John_smith\John_smith_cartoon.jpg
"[14.142135623730951, 16.0312195418814, 17.0, 16.278820596099706, 14.142135623730951, 14.560219778561036, 26.476404589747453, 34.20526275297414, 26.419689627245813, 29.120439557122072, 18.027756377319946, 7.810249675906654, 11.045361017187261, 29.120439557122072, 45.221676218380054, 48.08326112068523, 47.16990566028302, 49.24428900898052]",G:\Education\Semester 8\425-FYP\custom-dlib-shape-predictor\drive-download-20201214T140143Z-001\John_smith\John_smith_Real2.jpg,G:\Education\Semester 8\425-FYP\custom-dlib-shape-predictor\drive-download-20201214T140143Z-001\John_smith\John_smith_cartoon.jpg
"[18.867962264113206, 19.4164878389476, 20.223748416156685, 17.804493814764857, 17.029386365926403, 18.027756377319946, 22.090722034374522, 34.40930106817051, 21.95449840010015, 22.80350850198276, 23.0, 12.041594578792296, 12.727922061357855, 39.01281840626232, 57.28001396647874, 65.12296062065974, 65.25335240430181, 65.76473218982953]",G:\Education\Semester 8\425-FYP\custom-dlib-shape-predictor\drive-download-20201214T140143Z-001\John_smith\John_smith_real3.jpg,G:\Education\Semester 8\425-FYP\custom-dlib-shape-predictor\drive-download-20201214T140143Z-001\John_smith\John_smith_cartoon.jpg
"[18.788294228055936, 18.384776310850235, 13.0, 10.816653826391969, 17.11724276862369, 14.317821063276353, 20.09975124224178, 41.182520563948, 26.1725046566048, 14.317821063276353, 21.18962010041709, 16.55294535724685, 9.848857801796104, 38.47076812334269, 38.07886552931954, 60.440052945046304, 63.52952069707436, 57.3149195236284]",G:\Education\Semester 8\425-FYP\custom-dlib-shape-predictor\drive-download-20201214T140143Z-001\Kristoff\kristoff_real.jpg,G:\Education\Semester 8\425-FYP\custom-dlib-shape-predictor\drive-download-20201214T140143Z-001\Kristoff\kristoff_cartoon.jpg
"[14.317821063276353, 15.811388300841896, 17.88854381999832, 17.0, 18.027756377319946, 17.72004514666935, 28.071337695236398, 41.10960958218893, 29.068883707497267, 30.463092423455635, 12.36931687685298, 8.54400374531753, 10.198039027185569, 36.124783736376884, 46.57252408878007, 43.93176527297759, 41.012193308819754, 44.721359549995796]",G:\Education\Semester 8\425-FYP\custom-dlib-shape-predictor\drive-download-20201214T140143Z-001\Little_mermaid\Little_mermaid_real1.jpg,G:\Education\Semester 8\425-FYP\custom-dlib-shape-predictor\drive-download-20201214T140143Z-001\Little_mermaid\Little_mermaid_cartoon.png
"[15.0, 19.697715603592208, 30.4138126514911, 28.653097563788805, 20.09975124224178, 26.0, 37.36308338453881, 37.57658845611187, 32.2490309931942, 46.75467891024384, 22.360679774997898, 6.708203932499369, 25.0, 54.0, 110.02272492535349, 82.97590011563598, 74.10802925459562, 88.10221336606703]",G:\Education\Semester 8\425-FYP\custom-dlib-shape-predictor\drive-download-20201214T140143Z-001\Little_mermaid\Little_mermaid_real2.png,G:\Education\Semester 8\425-FYP\custom-dlib-shape-predictor\drive-download-20201214T140143Z-001\Little_mermaid\Little_mermaid_cartoon.png
"[14.317821063276353, 17.72004514666935, 19.924858845171276, 18.027756377319946, 19.235384061671343, 19.235384061671343, 29.017236257093817, 42.44997055358225, 28.635642126552707, 31.38470965295043, 19.026297590440446, 10.0, 11.661903789690601, 35.014282800023196, 54.589376255824725, 55.08175741568164, 53.9351462406472, 56.04462507680822]",G:\Education\Semester 8\425-FYP\custom-dlib-shape-predictor\drive-download-20201214T140143Z-001\Loss_griffin\Loss_grif_real1.jpg,G:\Education\Semester 8\425-FYP\custom-dlib-shape-predictor\drive-download-20201214T140143Z-001\Loss_griffin\Loss_grif_cartoon.jpg
"[17.26267650163207, 19.235384061671343, 21.02379604162864, 16.55294535724685, 19.924858845171276, 20.09975124224178, 36.6742416417845, 50.24937810560445, 37.656340767525464, 37.44329045369811, 14.317821063276353, 13.152946437965905, 11.40175425099138, 41.773197148410844, 45.79301256742124, 47.29693436154187, 47.50789408087881, 46.09772228646444]",G:\Education\Semester 8\425-FYP\custom-dlib-shape-predictor\drive-download-20201214T140143Z-001\Merida\Merida_real.jpg,G:\Education\Semester 8\425-FYP\custom-dlib-shape-predictor\drive-download-20201214T140143Z-001\Merida\Merida_cartoon.jpg
"[16.15549442140351, 15.524174696260024, 14.317821063276353, 13.038404810405298, 16.0312195418814, 15.033296378372908, 19.1049731745428, 35.77708763999664, 21.93171219946131, 15.652475842498529, 18.110770276274835, 12.041594578792296, 9.433981132056603, 30.01666203960727, 40.311288741492746, 53.08483775994799, 53.16013544000805, 51.62363799656123]",G:\Education\Semester 8\425-FYP\custom-dlib-shape-predictor\drive-download-20201214T140143Z-001\Merida\Merida_real12.jpg,G:\Education\Semester 8\425-FYP\custom-dlib-shape-predictor\drive-download-20201214T140143Z-001\Merida\Merida_cartoon.jpg
"[19.697715603592208, 20.248456731316587, 22.20360331117452, 18.867962264113206, 20.223748416156685, 20.024984394500787, 25.179356624028344, 40.607881008493905, 25.059928172283335, 28.284271247461902, 21.02379604162864, 12.206555615733702, 12.727922061357855, 44.10215414239989, 63.89053137985315, 61.07372593840988, 60.728905802755904, 62.16912416947821]",G:\Education\Semester 8\425-FYP\custom-dlib-shape-predictor\drive-download-20201214T140143Z-001\Merida\Merida_real3.jpeg,G:\Education\Semester 8\425-FYP\custom-dlib-shape-predictor\drive-download-20201214T140143Z-001\Merida\Merida_cartoon.jpg
"[13.0, 14.560219778561036, 15.297058540778355, 12.083045973594572, 14.0, 14.035668847618199, 18.0, 30.23243291566195, 20.248456731316587, 18.867962264113206, 15.0, 9.219544457292887, 8.48528137423857, 24.020824298928627, 34.66987164671943, 40.0, 40.024992192379, 38.8329756778952]",G:\Education\Semester 8\425-FYP\custom-dlib-shape-predictor\drive-download-20201214T140143Z-001\Merida\MErida_real4.jpg,G:\Education\Semester 8\425-FYP\custom-dlib-shape-predictor\drive-download-20201214T140143Z-001\Merida\Merida_cartoon.jpg
"[14.7648230602334, 16.278820596099706, 20.12461179749811, 18.681541692269406, 17.0, 18.973665961010276, 28.442925306655784, 40.22437072223753, 28.0178514522438, 29.154759474226502, 19.4164878389476, 11.313708498984761, 12.083045973594572, 37.656340767525464, 52.20153254455275, 48.38388161361178, 46.09772228646444, 49.73932046178355]",G:\Education\Semester 8\425-FYP\custom-dlib-shape-predictor\drive-download-20201214T140143Z-001\Moana\Moana_real1.jpeg,G:\Education\Semester 8\425-FYP\custom-dlib-shape-predictor\drive-download-20201214T140143Z-001\Moana\Moana_cartoon.jpeg
"[16.278820596099706, 17.88854381999832, 20.223748416156685, 17.46424919657298, 20.615528128088304, 21.02379604162864, 30.4138126514911, 44.82186966202994, 31.04834939252005, 32.202484376209235, 17.11724276862369, 10.770329614269007, 11.40175425099138, 42.2965719651132, 53.823786563191554, 52.3450093132096, 50.92150822589606, 52.3450093132096]",G:\Education\Semester 8\425-FYP\custom-dlib-shape-predictor\drive-download-20201214T140143Z-001\Moana\Moana_real2.jpg,G:\Education\Semester 8\425-FYP\custom-dlib-shape-predictor\drive-download-20201214T140143Z-001\Moana\Moana_cartoon.jpeg
"[13.92838827718412, 15.524174696260024, 19.697715603592208, 19.235384061671343, 18.0, 18.681541692269406, 28.0178514522438, 36.87817782917155, 26.0, 30.886890422961002, 12.649110640673518, 8.06225774829855, 12.165525060596439, 38.3275357934736, 52.49761899362675, 43.174066289845804, 41.0, 45.17742799230607]",G:\Education\Semester 8\425-FYP\custom-dlib-shape-predictor\drive-download-20201214T140143Z-001\Moana\Moana_real3.jpg,G:\Education\Semester 8\425-FYP\custom-dlib-shape-predictor\drive-download-20201214T140143Z-001\Moana\Moana_cartoon.jpeg
"[25.238858928247925, 26.0, 25.0, 23.345235059857504, 21.37755832643195, 22.561028345356956, 30.265491900843113, 48.16637831516918, 31.76476034853718, 29.732137494637012, 22.561028345356956, 18.681541692269406, 15.0, 63.788713735268246, 72.83543093852057, 85.98837130682264, 85.7962703152066, 85.21150157109074]",G:\Education\Semester 8\425-FYP\custom-dlib-shape-predictor\drive-download-20201214T140143Z-001\Mr_potato_head\Mr_potato_head_real1.jpg,G:\Education\Semester 8\425-FYP\custom-dlib-shape-predictor\drive-download-20201214T140143Z-001\Mr_potato_head\Mr_potato_head_cartoon.jpg
"[20.248456731316587, 19.697715603592208, 19.4164878389476, 17.804493814764857, 19.6468827043885, 18.0, 32.0624390837628, 48.104053883222775, 33.1058907144937, 31.906112267087632, 15.297058540778355, 12.165525060596439, 11.661903789690601, 52.23983154643591, 47.80167361086848, 60.40695324215582, 60.08327554319921, 59.30430001273095]",G:\Education\Semester 8\425-FYP\custom-dlib-shape-predictor\drive-download-20201214T140143Z-001\Mulan\Mulan_Real1.jpg,G:\Education\Semester 8\425-FYP\custom-dlib-shape-predictor\drive-download-20201214T140143Z-001\Mulan\Mulan_cartoon1.jpg
"[16.76305461424021, 18.027756377319946, 18.110770276274835, 15.652475842498529, 17.26267650163207, 17.0, 25.179356624028344, 37.48332962798263, 25.079872407968907, 25.0, 17.11724276862369, 10.295630140987, 9.899494936611665, 34.132096331752024, 46.61544808322666, 51.15662224971465, 51.86520991955976, 51.62363799656123]",G:\Education\Semester 8\425-FYP\custom-dlib-shape-predictor\drive-download-20201214T140143Z-001\Mulan\Mulan_real4.jpg,G:\Education\Semester 8\425-FYP\custom-dlib-shape-predictor\drive-download-20201214T140143Z-001\Mulan\Mulan_cartoon1.jpg
"[12.806248474865697, 14.142135623730951, 15.524174696260024, 15.811388300841896, 14.035668847618199, 15.132745950421556, 22.02271554554524, 30.23243291566195, 21.095023109728988, 22.825424421026653, 14.142135623730951, 8.48528137423857, 10.295630140987, 35.12833614050059, 50.60632371551998, 50.635955604688654, 48.16637831516918, 50.695167422546305]",G:\Education\Semester 8\425-FYP\custom-dlib-shape-predictor\drive-download-20201214T140143Z-001\Mulan\Mulan_real5.jpg,G:\Education\Semester 8\425-FYP\custom-dlib-shape-predictor\drive-download-20201214T140143Z-001\Mulan\Mulan_cartoon1.jpg
"[17.08800749063506, 19.6468827043885, 19.4164878389476, 16.15549442140351, 20.223748416156685, 19.1049731745428, 33.0, 48.79549159502341, 34.438350715445125, 34.438350715445125, 17.0, 12.36931687685298, 11.40175425099138, 44.0, 46.8187996428785, 53.150729063673246, 51.97114584074513, 51.54609587543949]",G:\Education\Semester 8\425-FYP\custom-dlib-shape-predictor\drive-download-20201214T140143Z-001\Nanny_pelakai\Nanny_pelakai_real1.jpg,G:\Education\Semester 8\425-FYP\custom-dlib-shape-predictor\drive-download-20201214T140143Z-001\Nanny_pelakai\Nanny_pelakai_cartoon.jpg
"[14.422205101855956, 16.76305461424021, 15.297058540778355, 13.038404810405298, 14.035668847618199, 15.0, 19.0, 30.528675044947494, 19.209372712298546, 18.027756377319946, 13.038404810405298, 10.816653826391969, 8.602325267042627, 37.0, 42.638011210655684, 49.01020301937138, 48.76474136094644, 48.05205510693585]",G:\Education\Semester 8\425-FYP\custom-dlib-shape-predictor\drive-download-20201214T140143Z-001\Nick_bridge\Nick_bridge_real1.jpg,G:\Education\Semester 8\425-FYP\custom-dlib-shape-predictor\drive-download-20201214T140143Z-001\Nick_bridge\Nick_bridge_cartoon.jpg
"[32.01562118716424, 32.57299494980466, 30.59411708155671, 27.85677655436824, 33.37663853655727, 31.016124838541646, 47.095647357266465, 76.57675887630658, 51.478150704935004, 50.24937810560445, 31.25699921617557, 18.973665961010276, 17.204650534085253, 69.26037828369117, 80.60397012554654, 88.56635930193812, 88.60022573334675, 88.81441324469807]",G:\Education\Semester 8\425-FYP\custom-dlib-shape-predictor\drive-download-20201214T140143Z-001\Penny\penny_real1.jpeg,G:\Education\Semester 8\425-FYP\custom-dlib-shape-predictor\drive-download-20201214T140143Z-001\Penny\penny_cartoon.jpeg
"[22.47220505424423, 23.53720459187964, 19.235384061671343, 16.401219466856727, 24.08318915758459, 21.095023109728988, 29.017236257093817, 53.33854141237835, 33.301651610693426, 26.832815729997478, 25.179356624028344, 17.4928556845359, 13.45362404707371, 45.0111097397076, 50.93132631298737, 82.21921916437786, 82.00609733428362, 78.5175139698144]",G:\Education\Semester 8\425-FYP\custom-dlib-shape-predictor\drive-download-20201214T140143Z-001\Percy\percy_real.jpg,G:\Education\Semester 8\425-FYP\custom-dlib-shape-predictor\drive-download-20201214T140143Z-001\Percy\percy_cartoon.jpg
"[22.847319317591726, 24.041630560342615, 18.439088914585774, 15.811388300841896, 21.213203435596427, 19.026297590440446, 34.058772731852805, 54.56189146281496, 38.58756276314948, 31.78049716414141, 23.769728648009426, 17.46424919657298, 8.602325267042627, 38.05259518088089, 37.53664875824692, 65.11528238439882, 68.54195795277518, 60.03332407921454]",G:\Education\Semester 8\425-FYP\custom-dlib-shape-predictor\drive-download-20201214T140143Z-001\Peter_griffin\Peter_griffin_real2.jpg,G:\Education\Semester 8\425-FYP\custom-dlib-shape-predictor\drive-download-20201214T140143Z-001\Peter_griffin\Peter_griffin_cartoon.jpg
"[32.01562118716424, 30.083217912982647, 16.492422502470642, 12.083045973594572, 26.30589287593181, 21.02379604162864, 37.48332962798263, 73.23933369440222, 50.99019513592785, 34.0147027033899, 34.92849839314596, 28.231188426986208, 11.704699910719626, 46.010868281309364, 37.589892258425, 83.16850365372699, 89.69392398596462, 75.8023746329889]",G:\Education\Semester 8\425-FYP\custom-dlib-shape-predictor\drive-download-20201214T140143Z-001\Peter_griffin\Peter_griffin_real3.jpg,G:\Education\Semester 8\425-FYP\custom-dlib-shape-predictor\drive-download-20201214T140143Z-001\Peter_griffin\Peter_griffin_cartoon.jpg
"[8.94427190999916, 11.40175425099138, 15.811388300841896, 15.811388300841896, 11.0, 14.035668847618199, 19.1049731745428, 22.67156809750927, 17.46424919657298, 24.839484696748443, 15.524174696260024, 6.4031242374328485, 12.649110640673518, 32.0624390837628, 55.569775957799216, 48.373546489791295, 45.09988913511872, 50.92150822589606]",G:\Education\Semester 8\425-FYP\custom-dlib-shape-predictor\drive-download-20201214T140143Z-001\Peter_griffin\Peter_griifin_real4.jpg,G:\Education\Semester 8\425-FYP\custom-dlib-shape-predictor\drive-download-20201214T140143Z-001\Peter_griffin\Peter_griffin_cartoon.jpg
"[17.204650534085253, 20.223748416156685, 26.40075756488817, 29.832867780352597, 24.020824298928627, 27.892651361962706, 38.01315561749642, 45.27692569068709, 33.24154027718932, 44.10215414239989, 26.570660511172846, 11.661903789690601, 20.248456731316587, 51.35172830587107, 86.92525524840292, 75.28612089887484, 70.57619995437555, 78.29431652425353]",G:\Education\Semester 8\425-FYP\custom-dlib-shape-predictor\drive-download-20201214T140143Z-001\Peter_Pan\peterpan_real.jpg,G:\Education\Semester 8\425-FYP\custom-dlib-shape-predictor\drive-download-20201214T140143Z-001\Peter_Pan\peterpan_cartoon.jpg
"[28.635642126552707, 27.892651361962706, 26.476404589747453, 22.80350850198276, 27.018512172212592, 24.0, 37.013511046643494, 59.07622195096772, 38.8329756778952, 36.235341863986875, 32.0624390837628, 17.804493814764857, 16.278820596099706, 54.00925846556311, 66.70832032063167, 91.26883367283708, 92.04890004774636, 88.81441324469807]",G:\Education\Semester 8\425-FYP\custom-dlib-shape-predictor\drive-download-20201214T140143Z-001\Peter_Pan\peterpan_real2.jpg,G:\Education\Semester 8\425-FYP\custom-dlib-shape-predictor\drive-download-20201214T140143Z-001\Peter_Pan\peterpan_cartoon.jpg
"[30.805843601498726, 29.154759474226502, 18.35755975068582, 13.601470508735444, 23.345235059857504, 19.6468827043885, 35.77708763999664, 68.00735254367721, 48.373546489791295, 30.364452901377952, 25.298221281347036, 27.294688127912362, 8.06225774829855, 61.18823416311342, 37.64306044943742, 82.15229759416349, 88.60022573334675, 73.55270219373317]",G:\Education\Semester 8\425-FYP\custom-dlib-shape-predictor\drive-download-20201214T140143Z-001\Peter_Pan\peterpan_real3.jpg,G:\Education\Semester 8\425-FYP\custom-dlib-shape-predictor\drive-download-20201214T140143Z-001\Peter_Pan\peterpan_cartoon.jpg
"[17.029386365926403, 18.027756377319946, 26.570660511172846, 25.079872407968907, 23.021728866442675, 25.317977802344327, 38.01315561749642, 50.91168824543142, 37.33630940518894, 43.04648650006177, 23.769728648009426, 10.0, 17.08800749063506, 49.09175083453431, 76.32168761236873, 70.03570517957252, 65.06919393998976, 72.61542535852834]",G:\Education\Semester 8\425-FYP\custom-dlib-shape-predictor\drive-download-20201214T140143Z-001\Pocahontas\pocahontas_real1.png,G:\Education\Semester 8\425-FYP\custom-dlib-shape-predictor\drive-download-20201214T140143Z-001\Pocahontas\pocahontas_cartoon.png
"[19.235384061671343, 20.396078054371138, 23.08679276123039, 20.12461179749811, 21.02379604162864, 21.213203435596427, 28.0178514522438, 41.88078318274385, 26.076809620810597, 27.784887978899608, 20.024984394500787, 12.727922061357855, 12.041594578792296, 45.044422518220834, 61.29437168288782, 61.29437168288782, 60.530983801686226, 61.68468205316454]",G:\Education\Semester 8\425-FYP\custom-dlib-shape-predictor\drive-download-20201214T140143Z-001\Pocahontas\pocahontas_real2.jpg,G:\Education\Semester 8\425-FYP\custom-dlib-shape-predictor\drive-download-20201214T140143Z-001\Pocahontas\pocahontas_cartoon.png
"[11.40175425099138, 14.317821063276353, 21.93171219946131, 21.37755832643195, 19.1049731745428, 22.20360331117452, 32.01562118716424, 36.069377593742864, 28.635642126552707, 37.44329045369811, 21.540659228538015, 8.06225774829855, 15.811388300841896, 41.19465984809196, 73.824115301167, 59.20304046246274, 56.22277118748239, 64.41273166075166]",G:\Education\Semester 8\425-FYP\custom-dlib-shape-predictor\drive-download-20201214T140143Z-001\Princess\Princess_real1.jpg,G:\Education\Semester 8\425-FYP\custom-dlib-shape-predictor\drive-download-20201214T140143Z-001\Princess\Princess_cartoon.jpg
"[10.0, 9.433981132056603, 10.198039027185569, 8.06225774829855, 9.219544457292887, 9.055385138137417, 20.0, 28.600699292150182, 22.47220505424423, 20.615528128088304, 11.045361017187261, 7.0710678118654755, 6.324555320336759, 22.20360331117452, 24.698178070456937, 33.13608305156178, 32.31098884280702, 32.38826948140329]",G:\Education\Semester 8\425-FYP\custom-dlib-shape-predictor\drive-download-20201214T140143Z-001\Princess_ariel\princess_ariel_real.jpeg,G:\Education\Semester 8\425-FYP\custom-dlib-shape-predictor\drive-download-20201214T140143Z-001\Princess_ariel\princess_ariel_cartoon.jpeg
"[14.317821063276353, 15.231546211727817, 20.8806130178211, 20.8806130178211, 17.11724276862369, 19.026297590440446, 27.073972741361768, 36.069377593742864, 25.298221281347036, 31.240998703626616, 16.492422502470642, 9.433981132056603, 16.15549442140351, 50.0, 70.49113419430843, 64.28063471995279, 60.29925372672534, 65.14598989960932]",G:\Education\Semester 8\425-FYP\custom-dlib-shape-predictor\drive-download-20201214T140143Z-001\Princess_ariel\Princess_ariel_real10.jpg,G:\Education\Semester 8\425-FYP\custom-dlib-shape-predictor\drive-download-20201214T140143Z-001\Princess_ariel\princess_ariel_cartoon.jpeg
"[22.561028345356956, 24.698178070456937, 22.825424421026653, 18.0, 24.186773244895647, 22.80350850198276, 42.42640687119285, 68.76772498781678, 50.47771785649585, 44.91102314577124, 15.0, 16.1245154965971, 10.0, 50.24937810560445, 46.52956049652737, 54.147945482723536, 55.31726674375732, 51.86520991955976]",G:\Education\Semester 8\425-FYP\custom-dlib-shape-predictor\drive-download-20201214T140143Z-001\Princess_ariel\princess_ariel_real2.jpg,G:\Education\Semester 8\425-FYP\custom-dlib-shape-predictor\drive-download-20201214T140143Z-001\Princess_ariel\princess_ariel_cartoon.jpeg
"[20.0, 22.090722034374522, 24.596747752497688, 22.360679774997898, 21.095023109728988, 20.8806130178211, 32.55764119219941, 48.02082881417188, 33.60059523282288, 35.84689665786984, 18.439088914585774, 12.806248474865697, 14.317821063276353, 58.69412236331676, 68.4470598345904, 74.14849964766651, 71.02816342831905, 73.53910524340094]",G:\Education\Semester 8\425-FYP\custom-dlib-shape-predictor\drive-download-20201214T140143Z-001\Princess_ariel\princess_ariel_real8.jpg,G:\Education\Semester 8\425-FYP\custom-dlib-shape-predictor\drive-download-20201214T140143Z-001\Princess_ariel\princess_ariel_cartoon.jpeg
"[16.1245154965971, 18.681541692269406, 19.924858845171276, 16.76305461424021, 19.1049731745428, 18.110770276274835, 33.0, 45.254833995939045, 32.69556544854363, 32.69556544854363, 21.095023109728988, 9.219544457292887, 11.40175425099138, 36.0, 42.04759208325728, 60.07495318350236, 57.706152185014034, 58.240879114244144]",G:\Education\Semester 8\425-FYP\custom-dlib-shape-predictor\drive-download-20201214T140143Z-001\Princess_ariel\Princess_ariel_real9.jpg,G:\Education\Semester 8\425-FYP\custom-dlib-shape-predictor\drive-download-20201214T140143Z-001\Princess_ariel\princess_ariel_cartoon.jpeg
"[31.04834939252005, 30.463092423455635, 16.76305461424021, 13.038404810405298, 26.30589287593181, 20.024984394500787, 33.24154027718932, 67.67569726275453, 45.34313619501854, 30.01666203960727, 29.068883707497267, 25.298221281347036, 10.44030650891055, 46.17358552246078, 33.61547262794322, 77.79460135510689, 83.72574275573791, 72.00694410957877]",G:\Education\Semester 8\425-FYP\custom-dlib-shape-predictor\drive-download-20201214T140143Z-001\Princess_ariel\proincess_ariel_real11.png,G:\Education\Semester 8\425-FYP\custom-dlib-shape-predictor\drive-download-20201214T140143Z-001\Princess_ariel\princess_ariel_cartoon.jpeg
"[18.110770276274835, 18.439088914585774, 18.027756377319946, 16.0, 20.024984394500787, 19.6468827043885, 28.160255680657446, 46.61544808322666, 31.622776601683793, 28.460498941515414, 19.0, 11.661903789690601, 9.433981132056603, 37.21558813185679, 42.95346318982906, 53.03772242470448, 53.36665625650534, 51.92301994298868]",G:\Education\Semester 8\425-FYP\custom-dlib-shape-predictor\drive-download-20201214T140143Z-001\Princess_belle\Princess_belle_real1.jpg,G:\Education\Semester 8\425-FYP\custom-dlib-shape-predictor\drive-download-20201214T140143Z-001\Princess_belle\Princess_belle_cartoon.jpg
"[9.433981132056603, 11.40175425099138, 13.0, 13.341664064126334, 13.0, 13.341664064126334, 17.029386365926403, 25.80697580112788, 17.0, 18.867962264113206, 12.165525060596439, 7.0710678118654755, 8.06225774829855, 28.160255680657446, 38.91015291668744, 36.345563690772494, 35.22782990761707, 37.69615364994153]",G:\Education\Semester 8\425-FYP\custom-dlib-shape-predictor\drive-download-20201214T140143Z-001\Princess_sofia\princess_sofia_real1.jpg,G:\Education\Semester 8\425-FYP\custom-dlib-shape-predictor\drive-download-20201214T140143Z-001\Princess_sofia\princess_sofia1_cartoon.png
"[14.317821063276353, 16.492422502470642, 17.11724276862369, 14.422205101855956, 15.132745950421556, 15.033296378372908, 24.020824298928627, 34.655446902326915, 24.166091947189145, 23.706539182259394, 16.0312195418814, 9.486832980505138, 8.94427190999916, 31.064449134018133, 41.048751503547585, 44.01136216933077, 43.68065933568311, 44.14748010928823]",G:\Education\Semester 8\425-FYP\custom-dlib-shape-predictor\drive-download-20201214T140143Z-001\Prince_charmin\prince_charmin_real.jpg,G:\Education\Semester 8\425-FYP\custom-dlib-shape-predictor\drive-download-20201214T140143Z-001\Prince_charmin\prince_charmin_cartoon.jpg
"[31.04834939252005, 30.364452901377952, 27.459060435491963, 23.769728648009426, 27.16615541441225, 26.076809620810597, 43.01162633521314, 65.79513659838392, 46.95742752749558, 44.77722635447622, 29.154759474226502, 18.973665961010276, 15.652475842498529, 56.0357029044876, 68.79680225126747, 81.15417426109393, 81.59656855530139, 79.42921376924235]",G:\Education\Semester 8\425-FYP\custom-dlib-shape-predictor\drive-download-20201214T140143Z-001\Prince_charmin\prince_charmin_real3.jpg,G:\Education\Semester 8\425-FYP\custom-dlib-shape-predictor\drive-download-20201214T140143Z-001\Prince_charmin\prince_charmin_cartoon.jpg
"[16.492422502470642, 17.72004514666935, 17.029386365926403, 13.892443989449804, 18.24828759089466, 17.029386365926403, 31.064449134018133, 46.75467891024384, 34.539832078341085, 30.870698080866262, 16.278820596099706, 12.041594578792296, 8.06225774829855, 37.12142238654117, 41.23105625617661, 51.419840528729765, 51.884487084291386, 50.00999900019995]",G:\Education\Semester 8\425-FYP\custom-dlib-shape-predictor\drive-download-20201214T140143Z-001\Prince_eric\prince_eric_real11.jpg,G:\Education\Semester 8\425-FYP\custom-dlib-shape-predictor\drive-download-20201214T140143Z-001\Prince_eric\prince_eric_cartoon.jpg
"[19.313207915827967, 18.681541692269406, 18.027756377319946, 14.7648230602334, 18.027756377319946, 17.029386365926403, 28.071337695236398, 44.204072210600685, 31.064449134018133, 26.92582403567252, 16.278820596099706, 12.649110640673518, 9.486832980505138, 46.0, 38.07886552931954, 56.08029957123981, 56.92099788303083, 52.952809179494906]",G:\Education\Semester 8\425-FYP\custom-dlib-shape-predictor\drive-download-20201214T140143Z-001\Prince_eric\prince_eric_real2.jpg,G:\Education\Semester 8\425-FYP\custom-dlib-shape-predictor\drive-download-20201214T140143Z-001\Prince_eric\prince_eric_cartoon.jpg
"[20.248456731316587, 21.37755832643195, 20.223748416156685, 18.027756377319946, 19.0, 19.026297590440446, 29.017236257093817, 44.40720662234904, 31.064449134018133, 27.730849247724095, 23.021728866442675, 13.601470508735444, 11.40175425099138, 40.01249804748511, 50.774009099144415, 64.03124237432849, 63.34824385884742, 62.0966987850401]",G:\Education\Semester 8\425-FYP\custom-dlib-shape-predictor\drive-download-20201214T140143Z-001\Prince_eric\prince_eric_real3.jpg,G:\Education\Semester 8\425-FYP\custom-dlib-shape-predictor\drive-download-20201214T140143Z-001\Prince_eric\prince_eric_cartoon.jpg
"[23.430749027719962, 24.331050121192877, 22.561028345356956, 18.867962264113206, 20.024984394500787, 20.09975124224178, 31.144823004794873, 48.54894437575342, 34.20526275297414, 29.154759474226502, 22.0, 14.7648230602334, 12.083045973594572, 55.036351623268054, 58.60034129593445, 76.0, 76.15773105863909, 73.00684899377592]",G:\Education\Semester 8\425-FYP\custom-dlib-shape-predictor\drive-download-20201214T140143Z-001\Prince_eric\prince_eric_real4.jpg,G:\Education\Semester 8\425-FYP\custom-dlib-shape-predictor\drive-download-20201214T140143Z-001\Prince_eric\prince_eric_cartoon.jpg
"[29.732137494637012, 30.066592756745816, 31.304951684997057, 26.92582403567252, 30.265491900843113, 29.154759474226502, 50.00999900019995, 70.49113419430843, 50.80354318352215, 52.392747589718944, 26.92582403567252, 17.804493814764857, 17.029386365926403, 67.05221845696084, 77.88452991448301, 86.1278120005379, 85.0, 85.95929269136641]",G:\Education\Semester 8\425-FYP\custom-dlib-shape-predictor\drive-download-20201214T140143Z-001\Prince_eric\prince_eric_real5.jpg,G:\Education\Semester 8\425-FYP\custom-dlib-shape-predictor\drive-download-20201214T140143Z-001\Prince_eric\prince_eric_cartoon.jpg
"[27.202941017470888, 27.892651361962706, 28.0178514522438, 24.839484696748443, 25.179356624028344, 24.020824298928627, 34.0147027033899, 54.20332093147061, 34.9857113690718, 31.622776601683793, 32.14031735997639, 17.804493814764857, 15.620499351813308, 50.15974481593781, 74.95331880577403, 89.35882720806042, 89.1852005660132, 86.70063436907483]",G:\Education\Semester 8\425-FYP\custom-dlib-shape-predictor\drive-download-20201214T140143Z-001\Prince_eric\prince_eric_real8.jpeg,G:\Education\Semester 8\425-FYP\custom-dlib-shape-predictor\drive-download-20201214T140143Z-001\Prince_eric\prince_eric_cartoon.jpg
"[16.1245154965971, 17.26267650163207, 18.24828759089466, 15.652475842498529, 16.0312195418814, 15.0, 21.02379604162864, 34.132096331752024, 23.021728866442675, 21.95449840010015, 21.02379604162864, 9.219544457292887, 10.0, 32.0, 47.634021455258214, 59.033888572581766, 57.87054518492115, 58.463663928973865]",G:\Education\Semester 8\425-FYP\custom-dlib-shape-predictor\drive-download-20201214T140143Z-001\Prince_hans\Prince_hans_real1.jpg,G:\Education\Semester 8\425-FYP\custom-dlib-shape-predictor\drive-download-20201214T140143Z-001\Prince_hans\prince_hans3_cartoon.jpg
"[32.526911934581186, 34.23448553724738, 40.26164427839479, 36.71511950137164, 36.124783736376884, 35.35533905932738, 53.33854141237835, 77.93587107359485, 54.378304497290095, 55.54277630799526, 37.48332962798263, 20.808652046684813, 26.248809496813376, 96.33275663033837, 111.36426715962351, 128.1327436684316, 124.67958934805648, 126.64912159190051]",G:\Education\Semester 8\425-FYP\custom-dlib-shape-predictor\drive-download-20201214T140143Z-001\Prince_naveen\Prince_naveen_real.jpg,G:\Education\Semester 8\425-FYP\custom-dlib-shape-predictor\drive-download-20201214T140143Z-001\Prince_naveen\Prince_naveen_cartoon.jpg
"[25.0, 28.284271247461902, 27.459060435491963, 23.853720883753127, 25.019992006393608, 25.179356624028344, 37.12142238654117, 57.14017850864661, 37.8021163428716, 36.235341863986875, 26.1725046566048, 17.4928556845359, 16.55294535724685, 69.1158447825099, 78.54934754662193, 92.13576938409967, 90.2551937563706, 90.52071586106685]",G:\Education\Semester 8\425-FYP\custom-dlib-shape-predictor\drive-download-20201214T140143Z-001\Prince_naveen\prince_naveen_real3.jpg,G:\Education\Semester 8\425-FYP\custom-dlib-shape-predictor\drive-download-20201214T140143Z-001\Prince_naveen\Prince_naveen_cartoon.jpg
"[26.627053911388696, 27.892651361962706, 27.294688127912362, 25.495097567963924, 25.019992006393608, 25.0, 32.01562118716424, 53.33854141237835, 33.421549934136806, 31.240998703626616, 27.16615541441225, 20.591260281974, 18.601075237738275, 69.06518659932803, 79.90619500389191, 94.13288479590966, 94.11163583744573, 92.22797840135064]",G:\Education\Semester 8\425-FYP\custom-dlib-shape-predictor\drive-download-20201214T140143Z-001\Prince_naveen\prine_naveen_real2.jpg,G:\Education\Semester 8\425-FYP\custom-dlib-shape-predictor\drive-download-20201214T140143Z-001\Prince_naveen\Prince_naveen_cartoon.jpg
"[29.614185789921695, 31.016124838541646, 29.732137494637012, 24.041630560342615, 32.38826948140329, 32.2490309931942, 42.01190307520001, 71.84010022264724, 46.647615158762406, 44.721359549995796, 26.076809620810597, 17.88854381999832, 15.264337522473747, 54.00925846556311, 64.8459713474939, 71.06335201775947, 71.47027354082255, 69.63476143421474]",G:\Education\Semester 8\425-FYP\custom-dlib-shape-predictor\drive-download-20201214T140143Z-001\Prince_rapunzel\princess_rapunzel_real1.jpg,G:\Education\Semester 8\425-FYP\custom-dlib-shape-predictor\drive-download-20201214T140143Z-001\Prince_rapunzel\prince_rapunel_cartoon.jpg
"[22.02271554554524, 23.600847442411894, 29.017236257093817, 25.0, 24.351591323771842, 27.892651361962706, 40.496913462633174, 56.356011214421486, 42.1070065428546, 44.598206241955516, 16.55294535724685, 18.24828759089466, 16.55294535724685, 71.06335201775947, 75.82216034906945, 73.68174807915459, 72.67048919609665, 72.02777242147643]",G:\Education\Semester 8\425-FYP\custom-dlib-shape-predictor\drive-download-20201214T140143Z-001\Prince_rapunzel\rapunzel_real2.jpg,G:\Education\Semester 8\425-FYP\custom-dlib-shape-predictor\drive-download-20201214T140143Z-001\Prince_rapunzel\prince_rapunel_cartoon.jpg
"[16.401219466856727, 19.4164878389476, 21.93171219946131, 21.37755832643195, 19.0, 21.587033144922902, 31.144823004794873, 43.41658669218482, 30.886890422961002, 35.34119409414458, 15.811388300841896, 9.848857801796104, 14.142135623730951, 48.373546489791295, 60.74537019394976, 59.665735560705194, 56.00892785976178, 59.93329625508679]",G:\Education\Semester 8\425-FYP\custom-dlib-shape-predictor\drive-download-20201214T140143Z-001\Prince_rapunzel\rapunzel_real3.jpg,G:\Education\Semester 8\425-FYP\custom-dlib-shape-predictor\drive-download-20201214T140143Z-001\Prince_rapunzel\prince_rapunel_cartoon.jpg
"[25.079872407968907, 27.294688127912362, 29.154759474226502, 26.1725046566048, 33.37663853655727, 31.25699921617557, 51.088159097779204, 76.38062581571324, 53.85164807134504, 55.072679252057455, 23.08679276123039, 16.278820596099706, 15.231546211727817, 61.204574992397426, 68.94200461257273, 73.24616030891995, 69.8927750200262, 73.16419889536138]",G:\Education\Semester 8\425-FYP\custom-dlib-shape-predictor\drive-download-20201214T140143Z-001\Prince_rapunzel\rapunzel_real5.jpg,G:\Education\Semester 8\425-FYP\custom-dlib-shape-predictor\drive-download-20201214T140143Z-001\Prince_rapunzel\prince_rapunel_cartoon.jpg
"[13.45362404707371, 17.11724276862369, 21.18962010041709, 21.18962010041709, 18.027756377319946, 20.396078054371138, 27.018512172212592, 34.20526275297414, 23.769728648009426, 33.421549934136806, 20.8806130178211, 9.899494936611665, 16.76305461424021, 48.25971404805462, 72.89718787443039, 63.56099432828282, 60.07495318350236, 65.39113089708727]",G:\Education\Semester 8\425-FYP\custom-dlib-shape-predictor\drive-download-20201214T140143Z-001\Riddler\real.jpg,G:\Education\Semester 8\425-FYP\custom-dlib-shape-predictor\drive-download-20201214T140143Z-001\Riddler\cartoon.jpg
"[14.866068747318506, 18.0, 21.095023109728988, 21.37755832643195, 16.76305461424021, 19.313207915827967, 29.427877939124322, 36.359317925395686, 28.30194339616981, 34.0147027033899, 29.732137494637012, 12.649110640673518, 18.384776310850235, 38.600518131237564, 75.02666192761077, 73.7360156233031, 72.00694410957877, 74.94664769020693]",G:\Education\Semester 8\425-FYP\custom-dlib-shape-predictor\drive-download-20201214T140143Z-001\Roger_radcliffe\roger_radcliffe_real.jpg,G:\Education\Semester 8\425-FYP\custom-dlib-shape-predictor\drive-download-20201214T140143Z-001\Roger_radcliffe\roger_radcliffe_cartoon.jpg
"[24.413111231467404, 24.73863375370596, 32.57299494980466, 30.675723300355934, 26.076809620810597, 28.284271247461902, 47.01063709417264, 59.464274989274024, 45.69463863518345, 51.884487084291386, 28.635642126552707, 14.212670403551895, 19.924858845171276, 66.37017402418047, 103.3537614216338, 109.17875251164945, 105.11898020814318, 109.78615577567146]",G:\Education\Semester 8\425-FYP\custom-dlib-shape-predictor\drive-download-20201214T140143Z-001\Roger_radcliffe\roger_radcliffe_real1.jpg,G:\Education\Semester 8\425-FYP\custom-dlib-shape-predictor\drive-download-20201214T140143Z-001\Roger_radcliffe\roger_radcliffe_cartoon.jpg
"[22.02271554554524, 20.591260281974, 12.041594578792296, 9.433981132056603, 20.8806130178211, 19.235384061671343, 26.0, 49.678969393496885, 31.622776601683793, 21.540659228538015, 20.12461179749811, 16.492422502470642, 8.54400374531753, 42.95346318982906, 37.589892258425, 60.166435825965294, 61.85466837676846, 54.91812087098393]",G:\Education\Semester 8\425-FYP\custom-dlib-shape-predictor\drive-download-20201214T140143Z-001\Rosetta\emma_stone_real1.jpg,G:\Education\Semester 8\425-FYP\custom-dlib-shape-predictor\drive-download-20201214T140143Z-001\Rosetta\rosetta_cartoon.jpeg
"[14.212670403551895, 15.0, 17.88854381999832, 18.973665961010276, 16.278820596099706, 18.027756377319946, 19.1049731745428, 26.570660511172846, 15.0, 23.021728866442675, 25.0, 14.317821063276353, 15.0, 33.52610922848042, 59.941638282582836, 59.77457653551382, 57.42821606144492, 61.29437168288782]",G:\Education\Semester 8\425-FYP\custom-dlib-shape-predictor\drive-download-20201214T140143Z-001\Roxanne\Roxanne_real1.jpg,G:\Education\Semester 8\425-FYP\custom-dlib-shape-predictor\drive-download-20201214T140143Z-001\Roxanne\roxanne3_cartoon.jpg
"[18.439088914585774, 17.029386365926403, 18.027756377319946, 15.264337522473747, 16.1245154965971, 16.1245154965971, 20.396078054371138, 34.17601498127012, 21.2602916254693, 20.12461179749811, 19.1049731745428, 12.727922061357855, 12.206555615733702, 41.30375285612676, 54.817880294662984, 61.204574992397426, 61.40032573203501, 60.440052945046304]",G:\Education\Semester 8\425-FYP\custom-dlib-shape-predictor\drive-download-20201214T140143Z-001\Russel\russel_real2.jpg,G:\Education\Semester 8\425-FYP\custom-dlib-shape-predictor\drive-download-20201214T140143Z-001\Russel\russel1_cartoon.jpg
"[22.847319317591726, 23.08679276123039, 26.570660511172846, 23.769728648009426, 22.02271554554524, 23.08679276123039, 32.0, 48.41487374764082, 33.12099032335839, 35.510561809129406, 23.021728866442675, 15.620499351813308, 15.811388300841896, 54.00925846556311, 77.93587107359485, 81.2219182240853, 79.90619500389191, 80.36168241145776]",G:\Education\Semester 8\425-FYP\custom-dlib-shape-predictor\drive-download-20201214T140143Z-001\Russel\russel_real3.png,G:\Education\Semester 8\425-FYP\custom-dlib-shape-predictor\drive-download-20201214T140143Z-001\Russel\russel1_cartoon.jpg
"[12.806248474865697, 14.035668847618199, 25.298221281347036, 25.632011235952593, 18.110770276274835, 19.6468827043885, 26.1725046566048, 27.65863337187866, 20.223748416156685, 35.38361202590826, 22.825424421026653, 8.06225774829855, 18.973665961010276, 42.7551166528639, 85.90692637965812, 68.96375859826666, 63.387695966961914, 72.56031973468694]",G:\Education\Semester 8\425-FYP\custom-dlib-shape-predictor\drive-download-20201214T140143Z-001\Russel\russel_real4.png,G:\Education\Semester 8\425-FYP\custom-dlib-shape-predictor\drive-download-20201214T140143Z-001\Russel\russel1_cartoon.jpg
"[28.844410203711913, 27.202941017470888, 20.8806130178211, 18.439088914585774, 25.179356624028344, 20.09975124224178, 36.138621999185304, 64.1404708432983, 42.42640687119285, 30.14962686336267, 24.331050121192877, 21.470910553583888, 10.63014581273465, 52.009614495783374, 40.0, 75.1065909225016, 79.81227975693966, 70.57619995437555]",G:\Education\Semester 8\425-FYP\custom-dlib-shape-predictor\drive-download-20201214T140143Z-001\Russel\russel_real7.jpg,G:\Education\Semester 8\425-FYP\custom-dlib-shape-predictor\drive-download-20201214T140143Z-001\Russel\russel1_cartoon.jpg
"[13.416407864998739, 12.36931687685298, 15.297058540778355, 14.7648230602334, 14.0, 15.033296378372908, 16.0312195418814, 26.419689627245813, 15.811388300841896, 17.69180601295413, 16.0, 10.63014581273465, 11.313708498984761, 27.073972741361768, 48.16637831516918, 46.0, 46.09772228646444, 46.09772228646444]",G:\Education\Semester 8\425-FYP\custom-dlib-shape-predictor\drive-download-20201214T140143Z-001\Russel\russe_real1.jpg,G:\Education\Semester 8\425-FYP\custom-dlib-shape-predictor\drive-download-20201214T140143Z-001\Russel\russel1_cartoon.jpg
"[14.317821063276353, 16.15549442140351, 15.297058540778355, 13.0, 16.1245154965971, 15.0, 21.02379604162864, 35.608987629529715, 23.323807579381203, 22.47220505424423, 18.110770276274835, 9.848857801796104, 9.219544457292887, 30.066592756745816, 38.600518131237564, 46.17358552246078, 45.221676218380054, 45.39823785126467]",G:\Education\Semester 8\425-FYP\custom-dlib-shape-predictor\drive-download-20201214T140143Z-001\Sid\Sid_real1.jpeg,G:\Education\Semester 8\425-FYP\custom-dlib-shape-predictor\drive-download-20201214T140143Z-001\Sid\Sid_cartoon.jpeg
"[13.92838827718412, 15.132745950421556, 14.317821063276353, 13.0, 13.0, 13.038404810405298, 19.026297590440446, 30.23243291566195, 20.808652046684813, 19.235384061671343, 16.0, 9.433981132056603, 8.06225774829855, 31.0, 36.359317925395686, 44.01136216933077, 43.93176527297759, 43.174066289845804]",G:\Education\Semester 8\425-FYP\custom-dlib-shape-predictor\drive-download-20201214T140143Z-001\Sid\Sid_real2.jpeg,G:\Education\Semester 8\425-FYP\custom-dlib-shape-predictor\drive-download-20201214T140143Z-001\Sid\Sid_cartoon.jpeg
"[22.825424421026653, 23.08679276123039, 23.40939982143925, 21.470910553583888, 20.024984394500787, 19.235384061671343, 26.0, 42.941821107167776, 27.65863337187866, 28.844410203711913, 32.0624390837628, 14.866068747318506, 15.620499351813308, 38.05259518088089, 56.586217403180434, 75.1065909225016, 74.54528824815154, 74.95331880577403]",G:\Education\Semester 8\425-FYP\custom-dlib-shape-predictor\drive-download-20201214T140143Z-001\Sid\Sid_real4.jpg,G:\Education\Semester 8\425-FYP\custom-dlib-shape-predictor\drive-download-20201214T140143Z-001\Sid\Sid_cartoon.jpeg
"[22.02271554554524, 22.360679774997898, 23.194827009486403, 21.95449840010015, 20.0, 21.0, 25.019992006393608, 39.96248240537617, 25.238858928247925, 26.076809620810597, 26.019223662515376, 14.212670403551895, 15.0, 40.11234224026316, 64.40496875241847, 70.25667228100119, 69.46221994724903, 69.92138442565336]",G:\Education\Semester 8\425-FYP\custom-dlib-shape-predictor\drive-download-20201214T140143Z-001\Simpson\Simson_real1.jpg,G:\Education\Semester 8\425-FYP\custom-dlib-shape-predictor\drive-download-20201214T140143Z-001\Simpson\Simson_cartoon.jpg
"[18.384776310850235, 20.248456731316587, 23.769728648009426, 23.08679276123039, 22.20360331117452, 23.08679276123039, 35.05709628591621, 49.49747468305833, 34.539832078341085, 37.73592452822641, 16.0312195418814, 12.36931687685298, 13.0, 53.009433122794285, 67.54257916307313, 65.12296062065974, 62.16912416947821, 66.09841147864296]",G:\Education\Semester 8\425-FYP\custom-dlib-shape-predictor\drive-download-20201214T140143Z-001\Snow_white\snow_white_real2.jpg,G:\Education\Semester 8\425-FYP\custom-dlib-shape-predictor\drive-download-20201214T140143Z-001\Snow_white\snow_white_cartoon.jpg
"[39.35733730830886, 42.720018726587654, 32.01562118716424, 30.0, 36.345563690772494, 32.2490309931942, 37.013511046643494, 78.89233169326408, 47.4236228055175, 30.886890422961002, 43.41658669218482, 28.635642126552707, 19.697715603592208, 65.76473218982953, 64.41273166075166, 97.26767191621273, 101.55294185792945, 92.34717104492157]",G:\Education\Semester 8\425-FYP\custom-dlib-shape-predictor\drive-download-20201214T140143Z-001\Tadashi_hamada\tadahi_hamada_Real.jpg,G:\Education\Semester 8\425-FYP\custom-dlib-shape-predictor\drive-download-20201214T140143Z-001\Tadashi_hamada\tadashi_hamada3_cartoon.jpg
"[24.166091947189145, 26.68332812825267, 28.635642126552707, 27.313000567495326, 28.071337695236398, 28.160255680657446, 42.01190307520001, 60.959002616512684, 42.04759208325728, 44.41846462902562, 25.179356624028344, 13.892443989449804, 17.46424919657298, 59.07622195096772, 81.93289937503738, 69.72087205421343, 68.3593446428504, 70.26378868236469]",G:\Education\Semester 8\425-FYP\custom-dlib-shape-predictor\drive-download-20201214T140143Z-001\Tadashi_hamada\tadashi_hamada_real2.jpg,G:\Education\Semester 8\425-FYP\custom-dlib-shape-predictor\drive-download-20201214T140143Z-001\Tadashi_hamada\tadashi_hamada3_cartoon.jpg
"[24.698178070456937, 26.92582403567252, 30.083217912982647, 28.30194339616981, 27.073972741361768, 27.018512172212592, 39.11521443121589, 56.72741841473134, 38.48376280978771, 42.80186911806539, 21.02379604162864, 15.231546211727817, 18.384776310850235, 73.00684899377592, 82.37718130647589, 81.00617260431454, 78.85429601486528, 81.25269226308751]",G:\Education\Semester 8\425-FYP\custom-dlib-shape-predictor\drive-download-20201214T140143Z-001\Tiana\Taina_real2.jpg,G:\Education\Semester 8\425-FYP\custom-dlib-shape-predictor\drive-download-20201214T140143Z-001\Tiana\tiana1_cartoon.jpg
"[19.235384061671343, 20.8806130178211, 23.53720459187964, 20.248456731316587, 21.213203435596427, 20.024984394500787, 30.066592756745816, 44.68780594300866, 29.068883707497267, 31.622776601683793, 25.019992006393608, 11.40175425099138, 14.422205101855956, 41.012193308819754, 58.52349955359813, 64.03124237432849, 62.369864518050704, 65.0]",G:\Education\Semester 8\425-FYP\custom-dlib-shape-predictor\drive-download-20201214T140143Z-001\Tiana\Tiana_real1.jpg,G:\Education\Semester 8\425-FYP\custom-dlib-shape-predictor\drive-download-20201214T140143Z-001\Tiana\tiana1_cartoon.jpg
"[20.248456731316587, 21.93171219946131, 22.135943621178654, 21.95449840010015, 20.09975124224178, 20.09975124224178, 29.0, 44.82186966202994, 30.01666203960727, 28.653097563788805, 18.027756377319946, 15.231546211727817, 14.7648230602334, 58.008620049092706, 53.600373133029585, 68.0, 65.5133574166368, 65.30696746902278]",G:\Education\Semester 8\425-FYP\custom-dlib-shape-predictor\drive-download-20201214T140143Z-001\Tiana\Tiana_real3.png,G:\Education\Semester 8\425-FYP\custom-dlib-shape-predictor\drive-download-20201214T140143Z-001\Tiana\tiana1_cartoon.jpg
"[16.492422502470642, 16.76305461424021, 15.132745950421556, 11.180339887498949, 17.26267650163207, 16.0312195418814, 25.019992006393608, 39.698866482558415, 26.419689627245813, 22.847319317591726, 16.278820596099706, 10.295630140987, 7.810249675906654, 30.066592756745816, 34.20526275297414, 48.507731342539614, 49.76946855251722, 47.16990566028302]",G:\Education\Semester 8\425-FYP\custom-dlib-shape-predictor\drive-download-20201214T140143Z-001\Tinker_bell\tinekrbell_real6.png,G:\Education\Semester 8\425-FYP\custom-dlib-shape-predictor\drive-download-20201214T140143Z-001\Tinker_bell\Tinker_bell2_cartoon.jpeg
"[30.463092423455635, 30.59411708155671, 26.832815729997478, 21.840329667841555, 32.01562118716424, 28.861739379323623, 41.773197148410844, 73.92563831310488, 48.16637831516918, 41.0, 24.186773244895647, 21.02379604162864, 13.416407864998739, 68.26419266350405, 55.226805085936306, 84.09518416651456, 86.68333173107735, 78.26237921249263]",G:\Education\Semester 8\425-FYP\custom-dlib-shape-predictor\drive-download-20201214T140143Z-001\Tinker_bell\tinerbell_real2.jpg,G:\Education\Semester 8\425-FYP\custom-dlib-shape-predictor\drive-download-20201214T140143Z-001\Tinker_bell\Tinker_bell2_cartoon.jpeg
"[21.02379604162864, 22.80350850198276, 21.840329667841555, 20.248456731316587, 24.08318915758459, 23.08679276123039, 30.0, 50.47771785649585, 31.622776601683793, 31.906112267087632, 25.019992006393608, 13.45362404707371, 14.212670403551895, 49.01020301937138, 65.73431371817918, 67.02984409947557, 66.94027188471824, 66.48308055437865]",G:\Education\Semester 8\425-FYP\custom-dlib-shape-predictor\drive-download-20201214T140143Z-001\Tinker_bell\tinkerbell_real2.jpeg,G:\Education\Semester 8\425-FYP\custom-dlib-shape-predictor\drive-download-20201214T140143Z-001\Tinker_bell\Tinker_bell2_cartoon.jpeg
"[18.439088914585774, 19.313207915827967, 16.492422502470642, 12.083045973594572, 18.439088914585774, 18.110770276274835, 28.0178514522438, 47.50789408087881, 32.449961479175904, 25.0, 18.027756377319946, 14.560219778561036, 7.0710678118654755, 38.118237105091836, 32.55764119219941, 54.57105459856901, 55.47071299343465, 51.03920062069938]",G:\Education\Semester 8\425-FYP\custom-dlib-shape-predictor\drive-download-20201214T140143Z-001\Tinker_bell\tinkerbell_real3.jpg,G:\Education\Semester 8\425-FYP\custom-dlib-shape-predictor\drive-download-20201214T140143Z-001\Tinker_bell\Tinker_bell2_cartoon.jpeg
"[19.697715603592208, 22.135943621178654, 22.360679774997898, 21.540659228538015, 21.213203435596427, 23.0, 27.018512172212592, 45.60701700396552, 29.154759474226502, 29.410882339705484, 20.0, 14.422205101855956, 15.0, 55.036351623268054, 61.40032573203501, 63.071388124885914, 61.40032573203501, 62.96824596572466]",G:\Education\Semester 8\425-FYP\custom-dlib-shape-predictor\drive-download-20201214T140143Z-001\Tinker_bell\tinkerbell_real4.jpg,G:\Education\Semester 8\425-FYP\custom-dlib-shape-predictor\drive-download-20201214T140143Z-001\Tinker_bell\Tinker_bell2_cartoon.jpeg
"[20.615528128088304, 22.47220505424423, 21.840329667841555, 18.384776310850235, 21.095023109728988, 21.0, 32.0, 49.678969393496885, 34.48187929913333, 32.64965543462902, 16.1245154965971, 14.317821063276353, 11.704699910719626, 57.07889277132134, 53.53503525729669, 63.12685640834652, 62.625873247404705, 61.18823416311342]",G:\Education\Semester 8\425-FYP\custom-dlib-shape-predictor\drive-download-20201214T140143Z-001\Tinker_bell\tinkerbell_real7.jpg,G:\Education\Semester 8\425-FYP\custom-dlib-shape-predictor\drive-download-20201214T140143Z-001\Tinker_bell\Tinker_bell2_cartoon.jpeg
"[10.44030650891055, 13.416407864998739, 19.026297590440446, 18.027756377319946, 14.866068747318506, 17.11724276862369, 22.47220505424423, 30.01666203960727, 21.02379604162864, 27.018512172212592, 14.035668847618199, 6.708203932499369, 12.206555615733702, 36.6742416417845, 55.47071299343465, 42.04759208325728, 38.600518131237564, 45.12205669071391]",G:\Education\Semester 8\425-FYP\custom-dlib-shape-predictor\drive-download-20201214T140143Z-001\Unknown1\real3.jpg,G:\Education\Semester 8\425-FYP\custom-dlib-shape-predictor\drive-download-20201214T140143Z-001\Unknown1\cartoon1.jpeg
"[23.769728648009426, 26.832815729997478, 37.107950630558946, 34.0147027033899, 30.4138126514911, 34.132096331752024, 54.147945482723536, 71.02816342831905, 54.12947441089743, 57.8013840664737, 20.615528128088304, 15.033296378372908, 26.076809620810597, 83.05419917138447, 93.23089616645332, 77.23341245859851, 71.02112361825881, 81.59656855530139]",G:\Education\Semester 8\425-FYP\custom-dlib-shape-predictor\drive-download-20201214T140143Z-001\Unknown10\Unknown15.jpg,G:\Education\Semester 8\425-FYP\custom-dlib-shape-predictor\drive-download-20201214T140143Z-001\Unknown10\cartoon.jpg
"[9.899494936611665, 13.341664064126334, 24.351591323771842, 23.769728648009426, 16.1245154965971, 21.213203435596427, 28.861739379323623, 24.698178070456937, 23.194827009486403, 37.48332962798263, 26.0, 9.219544457292887, 21.18962010041709, 34.36568055487916, 83.6719785830358, 64.19501538281614, 59.033888572581766, 68.09552114493287]",G:\Education\Semester 8\425-FYP\custom-dlib-shape-predictor\drive-download-20201214T140143Z-001\Unknown11\real.jpg,G:\Education\Semester 8\425-FYP\custom-dlib-shape-predictor\drive-download-20201214T140143Z-001\Unknown11\cartoon.jpg
"[37.656340767525464, 38.62641583165593, 43.32435804486894, 36.138621999185304, 38.3275357934736, 37.33630940518894, 56.00892785976178, 87.86353054595519, 59.941638282582836, 60.90155991434045, 31.144823004794873, 21.840329667841555, 21.840329667841555, 82.0, 93.98404119849285, 95.08417323613851, 91.21951545584969, 93.00537618869137]",G:\Education\Semester 8\425-FYP\custom-dlib-shape-predictor\drive-download-20201214T140143Z-001\Unknown2\real1.jpg,G:\Education\Semester 8\425-FYP\custom-dlib-shape-predictor\drive-download-20201214T140143Z-001\Unknown2\cartoon2.jpg
"[34.17601498127012, 36.6742416417845, 27.51363298439521, 24.698178070456937, 36.22154055254967, 33.734255586866, 53.600373133029585, 89.62700485902673, 60.60528029800704, 49.8196748283246, 29.832867780352597, 26.0, 13.45362404707371, 73.10950690573696, 54.378304497290095, 85.15867542417507, 90.47098982546837, 77.10382610480494]",G:\Education\Semester 8\425-FYP\custom-dlib-shape-predictor\drive-download-20201214T140143Z-001\Unknown2\unknown3.jpg,G:\Education\Semester 8\425-FYP\custom-dlib-shape-predictor\drive-download-20201214T140143Z-001\Unknown2\cartoon2.jpg
"[9.486832980505138, 11.704699910719626, 15.231546211727817, 16.1245154965971, 13.038404810405298, 15.132745950421556, 22.02271554554524, 29.0, 21.18962010041709, 24.698178070456937, 12.36931687685298, 5.0, 10.44030650891055, 28.0, 45.31004303683677, 37.656340767525464, 35.014282800023196, 39.0]",G:\Education\Semester 8\425-FYP\custom-dlib-shape-predictor\drive-download-20201214T140143Z-001\Unknown3\real5.jpg,G:\Education\Semester 8\425-FYP\custom-dlib-shape-predictor\drive-download-20201214T140143Z-001\Unknown3\cartoon.jpg
"[32.202484376209235, 36.05551275463989, 32.01562118716424, 28.600699292150182, 33.37663853655727, 31.016124838541646, 43.0, 75.28612089887484, 49.73932046178355, 44.721359549995796, 30.265491900843113, 24.351591323771842, 19.72308292331602, 82.00609733428362, 90.13878188659973, 96.33275663033837, 97.86214794290998, 95.524865872714]",G:\Education\Semester 8\425-FYP\custom-dlib-shape-predictor\drive-download-20201214T140143Z-001\Unknown4\real6.png,G:\Education\Semester 8\425-FYP\custom-dlib-shape-predictor\drive-download-20201214T140143Z-001\Unknown4\cartoon.png
"[27.459060435491963, 29.154759474226502, 27.51363298439521, 27.294688127912362, 29.017236257093817, 27.459060435491963, 35.35533905932738, 61.71709649683789, 38.948684188300895, 37.57658845611187, 25.179356624028344, 18.601075237738275, 16.15549442140351, 63.50590523722971, 73.92563831310488, 87.69264507357501, 87.36704184073076, 84.75848040166836]",G:\Education\Semester 8\425-FYP\custom-dlib-shape-predictor\drive-download-20201214T140143Z-001\Unknown5\real10.jpg,G:\Education\Semester 8\425-FYP\custom-dlib-shape-predictor\drive-download-20201214T140143Z-001\Unknown5\cartoon.jpg
"[26.832815729997478, 29.274562336608895, 22.360679774997898, 17.72004514666935, 28.0178514522438, 24.515301344262525, 38.63935817272331, 65.0, 44.04543109109048, 37.21558813185679, 28.071337695236398, 20.591260281974, 12.529964086141668, 47.38143096192854, 43.829214001622255, 74.00675644831355, 75.43208866258443, 69.2314957226839]",G:\Education\Semester 8\425-FYP\custom-dlib-shape-predictor\drive-download-20201214T140143Z-001\Unknown7\unknown11.png,G:\Education\Semester 8\425-FYP\custom-dlib-shape-predictor\drive-download-20201214T140143Z-001\Unknown7\cartoon.png
"[16.1245154965971, 16.76305461424021, 19.0, 16.278820596099706, 16.278820596099706, 16.1245154965971, 24.186773244895647, 34.655446902326915, 22.847319317591726, 24.20743687382041, 18.110770276274835, 9.848857801796104, 10.63014581273465, 33.24154027718932, 47.50789408087881, 53.150729063673246, 53.16013544000805, 53.600373133029585]",G:\Education\Semester 8\425-FYP\custom-dlib-shape-predictor\drive-download-20201214T140143Z-001\Unknown8\unknown12 (1).jpg,G:\Education\Semester 8\425-FYP\custom-dlib-shape-predictor\drive-download-20201214T140143Z-001\Unknown8\cartoon.jpg
"[24.698178070456937, 25.96150997149434, 26.248809496813376, 25.495097567963924, 26.0, 26.1725046566048, 32.0624390837628, 52.773099207835045, 31.89043743820395, 31.38470965295043, 31.016124838541646, 18.384776310850235, 15.811388300841896, 47.16990566028302, 67.89698078707183, 88.0, 87.86353054595519, 86.49277426467485]",G:\Education\Semester 8\425-FYP\custom-dlib-shape-predictor\drive-download-20201214T140143Z-001\Unknown9\unknown12.jpg,G:\Education\Semester 8\425-FYP\custom-dlib-shape-predictor\drive-download-20201214T140143Z-001\Unknown9\cartoon.jpg
"[16.278820596099706, 16.1245154965971, 16.278820596099706, 15.0, 14.035668847618199, 14.035668847618199, 16.0312195418814, 29.068883707497267, 16.97056274847714, 16.64331697709324, 17.029386365926403, 12.041594578792296, 11.313708498984761, 29.0, 48.91829923454004, 52.15361924162119, 51.478150704935004, 51.66236541235796]",G:\Education\Semester 8\425-FYP\custom-dlib-shape-predictor\drive-download-20201214T140143Z-001\Urusula\Urusula_Real1.jpg,G:\Education\Semester 8\425-FYP\custom-dlib-shape-predictor\drive-download-20201214T140143Z-001\Urusula\Urusula_cartoon.jpg
"[16.76305461424021, 16.76305461424021, 16.0, 15.0, 17.46424919657298, 17.029386365926403, 27.16615541441225, 41.86884283091664, 29.732137494637012, 27.294688127912362, 13.601470508735444, 12.0, 8.94427190999916, 39.45883931389772, 39.05124837953327, 46.32493928760188, 47.885279575251516, 45.0]",G:\Education\Semester 8\425-FYP\custom-dlib-shape-predictor\drive-download-20201214T140143Z-001\Urusula\Urusula_real2.jpg,G:\Education\Semester 8\425-FYP\custom-dlib-shape-predictor\drive-download-20201214T140143Z-001\Urusula\Urusula_cartoon.jpg
"[20.248456731316587, 19.4164878389476, 19.026297590440446, 19.209372712298546, 17.0, 18.110770276274835, 24.08318915758459, 37.44329045369811, 25.238858928247925, 24.20743687382041, 21.095023109728988, 13.416407864998739, 12.806248474865697, 47.042533945356304, 59.413803110051795, 68.0294054067798, 67.68308503607086, 67.89698078707183]",G:\Education\Semester 8\425-FYP\custom-dlib-shape-predictor\drive-download-20201214T140143Z-001\Urusula\Urusula_real3.jpg,G:\Education\Semester 8\425-FYP\custom-dlib-shape-predictor\drive-download-20201214T140143Z-001\Urusula\Urusula_cartoon.jpg
"[11.661903789690601, 14.142135623730951, 13.601470508735444, 12.529964086141668, 14.0, 13.152946437965905, 21.02379604162864, 31.400636936215164, 21.95449840010015, 21.470910553583888, 10.0, 9.486832980505138, 9.219544457292887, 41.012193308819754, 41.617304093369626, 47.01063709417264, 46.09772228646444, 46.09772228646444]",G:\Education\Semester 8\425-FYP\custom-dlib-shape-predictor\drive-download-20201214T140143Z-001\Urusula\Urusula_real4.jpg,G:\Education\Semester 8\425-FYP\custom-dlib-shape-predictor\drive-download-20201214T140143Z-001\Urusula\Urusula_cartoon.jpg
"[14.212670403551895, 15.033296378372908, 15.811388300841896, 15.297058540778355, 15.132745950421556, 14.142135623730951, 20.223748416156685, 31.76476034853718, 21.400934559032695, 21.93171219946131, 17.46424919657298, 9.219544457292887, 10.295630140987, 31.25699921617557, 42.941821107167776, 46.09772228646444, 46.0, 47.01063709417264]",G:\Education\Semester 8\425-FYP\custom-dlib-shape-predictor\drive-download-20201214T140143Z-001\Van_Housten\Van_Housten_real1.jpg,G:\Education\Semester 8\425-FYP\custom-dlib-shape-predictor\drive-download-20201214T140143Z-001\Van_Housten\Van_Housten_cartoon.jpg
"[36.124783736376884, 37.0, 25.96150997149434, 19.313207915827967, 33.95585369269929, 26.076809620810597, 55.036351623268054, 91.21951545584969, 64.88451279003334, 55.90169943749474, 28.231188426986208, 26.076809620810597, 8.94427190999916, 57.07889277132134, 35.510561809129406, 76.24303246854758, 83.00602387778854, 67.1863081289633]",G:\Education\Semester 8\425-FYP\custom-dlib-shape-predictor\drive-download-20201214T140143Z-001\Welma\Welma.jpeg,G:\Education\Semester 8\425-FYP\custom-dlib-shape-predictor\drive-download-20201214T140143Z-001\Welma\welma_cartoon.jpeg
"[24.166091947189145, 26.832815729997478, 33.24154027718932, 29.068883707497267, 25.96150997149434, 28.284271247461902, 43.73785545725808, 59.405386961116584, 42.20189569201838, 46.22769732530488, 31.064449134018133, 15.231546211727817, 18.601075237738275, 56.568542494923804, 83.60023923410746, 91.08786966440702, 88.76936408468859, 91.41115905621152]",G:\Education\Semester 8\425-FYP\custom-dlib-shape-predictor\drive-download-20201214T140143Z-001\Woody\woody_real1.jpeg,G:\Education\Semester 8\425-FYP\custom-dlib-shape-predictor\drive-download-20201214T140143Z-001\Woody\woody_cartoon.jpg
"[14.317821063276353, 15.652475842498529, 16.0312195418814, 13.892443989449804, 15.524174696260024, 15.0, 27.16615541441225, 37.8021163428716, 27.202941017470888, 26.419689627245813, 13.038404810405298, 10.0, 8.246211251235321, 36.124783736376884, 40.311288741492746, 41.30375285612676, 41.6293165929973, 40.607881008493905]",G:\Education\Semester 8\425-FYP\custom-dlib-shape-predictor\drive-download-20201214T140143Z-001\Woody\woody_real2.jpeg,G:\Education\Semester 8\425-FYP\custom-dlib-shape-predictor\drive-download-20201214T140143Z-001\Woody\woody_cartoon.jpg
"[23.769728648009426, 25.298221281347036, 27.459060435491963, 21.633307652783937, 24.186773244895647, 24.0, 37.12142238654117, 53.075418038862395, 36.24913792078372, 37.73592452822641, 25.0, 16.15549442140351, 16.55294535724685, 54.147945482723536, 70.178344238091, 75.02666192761077, 73.76313442364011, 73.7563556583431]",G:\Education\Semester 8\425-FYP\custom-dlib-shape-predictor\drive-download-20201214T140143Z-001\Woody\woody_real3.jpg,G:\Education\Semester 8\425-FYP\custom-dlib-shape-predictor\drive-download-20201214T140143Z-001\Woody\woody_cartoon.jpg
"[26.92582403567252, 30.805843601498726, 29.410882339705484, 26.832815729997478, 27.018512172212592, 25.317977802344327, 47.265209192385896, 66.70832032063167, 50.11985634456667, 48.38388161361178, 29.068883707497267, 16.55294535724685, 14.560219778561036, 54.230987451824994, 70.66116330771806, 82.21921916437786, 81.21576201698781, 81.9084855189009]",G:\Education\Semester 8\425-FYP\custom-dlib-shape-predictor\drive-download-20201214T140143Z-001\Woody\woody_real4.jpg,G:\Education\Semester 8\425-FYP\custom-dlib-shape-predictor\drive-download-20201214T140143Z-001\Woody\woody_cartoon.jpg
"[22.47220505424423, 22.47220505424423, 27.073972741361768, 23.600847442411894, 22.561028345356956, 23.0, 43.18564576337837, 59.20304046246274, 44.27188724235731, 44.294469180700204, 17.11724276862369, 15.033296378372908, 16.492422502470642, 69.1158447825099, 65.19202405202648, 71.02816342831905, 68.15423684555495, 70.40596565632774]",G:\Education\Semester 8\425-FYP\custom-dlib-shape-predictor\drive-download-20201214T140143Z-001\Woody\woody_real5.jpg,G:\Education\Semester 8\425-FYP\custom-dlib-shape-predictor\drive-download-20201214T140143Z-001\Woody\woody_cartoon.jpg
"[22.80350850198276, 23.08679276123039, 21.840329667841555, 17.88854381999832, 23.194827009486403, 22.20360331117452, 35.05709628591621, 56.08029957123981, 38.58756276314948, 33.83784863137726, 22.090722034374522, 15.231546211727817, 10.816653826391969, 45.0111097397076, 45.27692569068709, 62.20128616033595, 64.51356446515724, 59.682493245507096]",G:\Education\Semester 8\425-FYP\custom-dlib-shape-predictor\drive-download-20201214T140143Z-001\Wreck_silverman\wreckitsilverman_real1.jpg,G:\Education\Semester 8\425-FYP\custom-dlib-shape-predictor\drive-download-20201214T140143Z-001\Wreck_silverman\wreckitsilverman_cartoon.jpg
